critic_review_id,critic_id,movie_id,score_100,letter_grade,review_title,review_text,reviewed_at,verdict,recommended,top_pick
CRV00001,CRT001,MOV0054,61,C,"Nimbria Protocol: vivid ideas, uneven rhythm","Several sequences are memorable, but the structure loses momentum before recovering near the end.",2017-02-16T19:10:10Z,mixed,false,false
CRV00002,CRT001,MOV0075,44,D,Echohaven Garden: ambition without enough focus,"The premise is promising, yet the character logic and pacing never fully support its ambitions.",2021-04-13T17:50:52Z,negative,false,false
CRV00003,CRT001,MOV0033,79,B,"Cinderwake Voyage: vivid ideas, uneven rhythm","Several sequences are memorable, but the structure loses momentum before recovering near the end.",2017-11-02T05:26:40Z,mixed,true,false
CRV00004,CRT001,MOV0026,64,C,"Moonforge Paradox: vivid ideas, uneven rhythm","Several sequences are memorable, but the structure loses momentum before recovering near the end.",2005-09-12T17:07:16Z,mixed,false,false
CRV00005,CRT001,MOV0116,66,C+,"Novafield Paradox: vivid ideas, uneven rhythm","Several sequences are memorable, but the structure loses momentum before recovering near the end.",2024-05-12T13:34:10Z,mixed,false,false
CRV00006,CRT001,MOV0063,73,B-,"Orion Vale Voyage: vivid ideas, uneven rhythm","Several sequences are memorable, but the structure loses momentum before recovering near the end.",2008-09-22T03:41:17Z,mixed,true,false
CRV00007,CRT001,MOV0111,77,B,"Novafield Archive: vivid ideas, uneven rhythm","Several sequences are memorable, but the structure loses momentum before recovering near the end.",2022-07-04T18:52:34Z,mixed,true,false
CRV00008,CRT001,MOV0055,78,B,"Nimbria Garden: vivid ideas, uneven rhythm","Several sequences are memorable, but the structure loses momentum before recovering near the end.",2023-08-13T07:14:48Z,mixed,true,false
CRV00009,CRT001,MOV0139,50,D,Morrowglass Reverie: ambition without enough focus,"The premise is promising, yet the character logic and pacing never fully support its ambitions.",2013-07-14T01:28:29Z,negative,false,false
CRV00010,CRT001,MOV0175,89,A-,Winter Atlas Garden: a confident romance achievement,"The direction is assured, the performances are precise, and the final movement earns its emotion.",2022-10-21T14:22:13Z,positive,true,false
CRV00011,CRT001,MOV0156,71,B-,"Amber Circuit Paradox: vivid ideas, uneven rhythm","Several sequences are memorable, but the structure loses momentum before recovering near the end.",2024-07-06T15:38:04Z,mixed,true,false
CRV00012,CRT001,MOV0087,85,A-,Lumenward Chronicle: a confident documentary achievement,"The direction is assured, the performances are precise, and the final movement earns its emotion.",2026-01-04T04:01:28Z,positive,true,false
CRV00013,CRT001,MOV0004,67,C+,"Asterfall Protocol: vivid ideas, uneven rhythm","Several sequences are memorable, but the structure loses momentum before recovering near the end.",2018-10-09T11:10:33Z,mixed,false,false
CRV00014,CRT002,MOV0197,80,B+,Crimson Harbor Chronicle: a confident documentary achievement,"The direction is assured, the performances are precise, and the final movement earns its emotion.",2023-09-09T01:51:37Z,positive,true,false
CRV00015,CRT002,MOV0184,70,B-,"Jade Frequency Protocol: vivid ideas, uneven rhythm","Several sequences are memorable, but the structure loses momentum before recovering near the end.",2022-10-15T14:24:51Z,mixed,true,false
CRV00016,CRT002,MOV0095,76,B,"Ravenspire Garden: vivid ideas, uneven rhythm","Several sequences are memorable, but the structure loses momentum before recovering near the end.",2002-07-08T13:55:25Z,mixed,true,false
CRV00017,CRT002,MOV0057,81,B+,Nimbria Chronicle: a confident documentary achievement,"The direction is assured, the performances are precise, and the final movement earns its emotion.",2026-01-11T04:26:10Z,positive,true,false
CRV00018,CRT002,MOV0073,89,A-,Echohaven Voyage: a confident thriller achievement,"The direction is assured, the performances are precise, and the final movement earns its emotion.",2011-08-10T02:39:05Z,positive,true,false
CRV00019,CRT002,MOV0190,63,C,"Jade Frequency Crossing: vivid ideas, uneven rhythm","Several sequences are memorable, but the structure loses momentum before recovering near the end.",2003-04-20T15:15:25Z,mixed,false,false
CRV00020,CRT002,MOV0113,75,B,"Novafield Voyage: vivid ideas, uneven rhythm","Several sequences are memorable, but the structure loses momentum before recovering near the end.",2003-11-11T16:39:23Z,mixed,true,false
CRV00021,CRT002,MOV0195,86,A-,Crimson Harbor Garden: a confident romance achievement,"The direction is assured, the performances are precise, and the final movement earns its emotion.",2017-07-13T15:25:16Z,positive,true,false
CRV00022,CRT002,MOV0154,51,D,Amber Circuit Protocol: ambition without enough focus,"The premise is promising, yet the character logic and pacing never fully support its ambitions.",2022-08-25T03:52:05Z,negative,false,false
CRV00023,CRT002,MOV0072,89,A-,Echohaven Signal: a confident comedy achievement,"The direction is assured, the performances are precise, and the final movement earns its emotion.",2024-03-26T04:56:33Z,positive,true,false
CRV00024,CRT002,MOV0103,81,B+,Tidal Ember Voyage: a confident thriller achievement,"The direction is assured, the performances are precise, and the final movement earns its emotion.",2014-03-09T23:02:49Z,positive,true,false
CRV00025,CRT002,MOV0041,87,A-,Solivane Archive: a confident drama achievement,"The direction is assured, the performances are precise, and the final movement earns its emotion.",2026-04-18T21:23:22Z,positive,true,false
CRV00026,CRT002,MOV0194,79,B,"Crimson Harbor Protocol: vivid ideas, uneven rhythm","Several sequences are memorable, but the structure loses momentum before recovering near the end.",2020-12-07T13:07:01Z,mixed,true,false
CRV00027,CRT003,MOV0143,60,C,"Silver Meridian Voyage: vivid ideas, uneven rhythm","Several sequences are memorable, but the structure loses momentum before recovering near the end.",2013-02-05T03:51:42Z,mixed,false,false
CRV00028,CRT003,MOV0031,89,A-,Cinderwake Archive: a confident drama achievement,"The direction is assured, the performances are precise, and the final movement earns its emotion.",2021-10-26T20:32:37Z,positive,true,false
CRV00029,CRT003,MOV0051,66,C+,"Nimbria Archive: vivid ideas, uneven rhythm","Several sequences are memorable, but the structure loses momentum before recovering near the end.",2025-12-21T18:47:10Z,mixed,false,false
CRV00030,CRT003,MOV0178,52,D,Winter Atlas Constellation: ambition without enough focus,"The premise is promising, yet the character logic and pacing never fully support its ambitions.",1999-08-28T13:41:35Z,negative,false,false
CRV00031,CRT003,MOV0164,51,D,Hollow Prism Protocol: ambition without enough focus,"The premise is promising, yet the character logic and pacing never fully support its ambitions.",2021-05-08T04:29:56Z,negative,false,false
CRV00032,CRT003,MOV0071,84,B+,Echohaven Archive: a confident drama achievement,"The direction is assured, the performances are precise, and the final movement earns its emotion.",2025-07-13T21:16:02Z,positive,true,false
CRV00033,CRT003,MOV0087,66,C+,"Lumenward Chronicle: vivid ideas, uneven rhythm","Several sequences are memorable, but the structure loses momentum before recovering near the end.",2025-12-05T14:28:34Z,mixed,false,false
CRV00034,CRT003,MOV0018,72,B-,"Velora Constellation: vivid ideas, uneven rhythm","Several sequences are memorable, but the structure loses momentum before recovering near the end.",2001-07-05T12:04:31Z,mixed,true,false
CRV00035,CRT003,MOV0170,52,D,Hollow Prism Crossing: ambition without enough focus,"The premise is promising, yet the character logic and pacing never fully support its ambitions.",2022-12-14T05:10:48Z,negative,false,false
CRV00036,CRT003,MOV0030,61,C,"Moonforge Crossing: vivid ideas, uneven rhythm","Several sequences are memorable, but the structure loses momentum before recovering near the end.",2013-09-26T19:31:02Z,mixed,false,false
CRV00037,CRT003,MOV0074,78,B,"Echohaven Protocol: vivid ideas, uneven rhythm","Several sequences are memorable, but the structure loses momentum before recovering near the end.",2009-11-09T11:33:33Z,mixed,true,false
CRV00038,CRT003,MOV0053,78,B,"Nimbria Voyage: vivid ideas, uneven rhythm","Several sequences are memorable, but the structure loses momentum before recovering near the end.",2013-02-01T20:08:56Z,mixed,true,false
CRV00039,CRT003,MOV0086,89,A-,Lumenward Paradox: a confident action achievement,"The direction is assured, the performances are precise, and the final movement earns its emotion.",2005-04-03T22:29:24Z,positive,true,false
CRV00040,CRT004,MOV0032,66,C+,"Cinderwake Signal: vivid ideas, uneven rhythm","Several sequences are memorable, but the structure loses momentum before recovering near the end.",2025-01-16T06:10:00Z,mixed,false,false
CRV00041,CRT004,MOV0036,88,A-,Cinderwake Paradox: a confident action achievement,"The direction is assured, the performances are precise, and the final movement earns its emotion.",2020-08-09T03:36:56Z,positive,true,false
CRV00042,CRT004,MOV0119,82,B+,Novafield Reverie: a confident fantasy achievement,"The direction is assured, the performances are precise, and the final movement earns its emotion.",2012-01-17T11:00:07Z,positive,true,false
CRV00043,CRT004,MOV0090,72,B-,"Lumenward Crossing: vivid ideas, uneven rhythm","Several sequences are memorable, but the structure loses momentum before recovering near the end.",2017-03-28T01:43:24Z,mixed,true,false
CRV00044,CRT004,MOV0055,61,C,"Nimbria Garden: vivid ideas, uneven rhythm","Several sequences are memorable, but the structure loses momentum before recovering near the end.",2022-01-24T02:50:04Z,mixed,false,false
CRV00045,CRT004,MOV0026,57,C-,Moonforge Paradox: ambition without enough focus,"The premise is promising, yet the character logic and pacing never fully support its ambitions.",2005-09-10T17:28:34Z,negative,false,false
CRV00046,CRT004,MOV0157,88,A-,Amber Circuit Chronicle: a confident documentary achievement,"The direction is assured, the performances are precise, and the final movement earns its emotion.",2002-03-18T02:46:51Z,positive,true,false
CRV00047,CRT004,MOV0199,60,C,"Crimson Harbor Reverie: vivid ideas, uneven rhythm","Several sequences are memorable, but the structure loses momentum before recovering near the end.",2008-10-23T16:39:08Z,mixed,false,false
CRV00048,CRT004,MOV0028,61,C,"Moonforge Constellation: vivid ideas, uneven rhythm","Several sequences are memorable, but the structure loses momentum before recovering near the end.",2025-10-09T10:54:54Z,mixed,false,false
CRV00049,CRT004,MOV0072,97,A+,Echohaven Signal: a confident comedy achievement,"The direction is assured, the performances are precise, and the final movement earns its emotion.",2024-07-19T17:30:58Z,positive,true,true
CRV00050,CRT004,MOV0175,93,A,Winter Atlas Garden: a confident romance achievement,"The direction is assured, the performances are precise, and the final movement earns its emotion.",2024-02-07T18:32:47Z,positive,true,true
CRV00051,CRT004,MOV0190,78,B,"Jade Frequency Crossing: vivid ideas, uneven rhythm","Several sequences are memorable, but the structure loses momentum before recovering near the end.",2000-08-19T01:52:40Z,mixed,true,false
CRV00052,CRT004,MOV0193,56,C-,Crimson Harbor Voyage: ambition without enough focus,"The premise is promising, yet the character logic and pacing never fully support its ambitions.",2012-04-09T04:39:56Z,negative,false,false
CRV00053,CRT005,MOV0001,85,A-,Asterfall Archive: a confident drama achievement,"The direction is assured, the performances are precise, and the final movement earns its emotion.",2025-09-28T23:40:34Z,positive,true,false
CRV00054,CRT005,MOV0151,89,A-,Amber Circuit Archive: a confident drama achievement,"The direction is assured, the performances are precise, and the final movement earns its emotion.",2019-12-28T05:04:03Z,positive,true,false
CRV00055,CRT005,MOV0171,68,C+,"Winter Atlas Archive: vivid ideas, uneven rhythm","Several sequences are memorable, but the structure loses momentum before recovering near the end.",2021-08-21T21:28:19Z,mixed,false,false
CRV00056,CRT005,MOV0115,75,B,"Novafield Garden: vivid ideas, uneven rhythm","Several sequences are memorable, but the structure loses momentum before recovering near the end.",2016-07-27T18:25:47Z,mixed,true,false
CRV00057,CRT005,MOV0103,79,B,"Tidal Ember Voyage: vivid ideas, uneven rhythm","Several sequences are memorable, but the structure loses momentum before recovering near the end.",2014-05-04T11:18:16Z,mixed,true,false
CRV00058,CRT005,MOV0030,52,D,Moonforge Crossing: ambition without enough focus,"The premise is promising, yet the character logic and pacing never fully support its ambitions.",2018-10-30T02:43:50Z,negative,false,false
CRV00059,CRT005,MOV0188,64,C,"Jade Frequency Constellation: vivid ideas, uneven rhythm","Several sequences are memorable, but the structure loses momentum before recovering near the end.",2008-08-10T08:11:45Z,mixed,false,false
CRV00060,CRT005,MOV0029,96,A+,Moonforge Reverie: a confident fantasy achievement,"The direction is assured, the performances are precise, and the final movement earns its emotion.",2006-09-27T07:23:23Z,positive,true,true
CRV00061,CRT005,MOV0012,49,D,Velora Signal: ambition without enough focus,"The premise is promising, yet the character logic and pacing never fully support its ambitions.",2013-12-24T19:59:21Z,negative,false,false
CRV00062,CRT005,MOV0112,98,A+,Novafield Signal: a confident comedy achievement,"The direction is assured, the performances are precise, and the final movement earns its emotion.",2004-04-02T05:11:30Z,positive,true,true
CRV00063,CRT005,MOV0143,63,C,"Silver Meridian Voyage: vivid ideas, uneven rhythm","Several sequences are memorable, but the structure loses momentum before recovering near the end.",2015-11-07T21:05:34Z,mixed,false,false
CRV00064,CRT005,MOV0162,53,D,Hollow Prism Signal: ambition without enough focus,"The premise is promising, yet the character logic and pacing never fully support its ambitions.",2022-03-01T19:44:15Z,negative,false,false
CRV00065,CRT005,MOV0099,79,B,"Ravenspire Reverie: vivid ideas, uneven rhythm","Several sequences are memorable, but the structure loses momentum before recovering near the end.",2021-08-01T12:46:52Z,mixed,true,false
CRV00066,CRT006,MOV0123,78,B,"Kestrel Dawn Voyage: vivid ideas, uneven rhythm","Several sequences are memorable, but the structure loses momentum before recovering near the end.",2021-09-21T05:26:13Z,mixed,true,false
CRV00067,CRT006,MOV0143,55,C-,Silver Meridian Voyage: ambition without enough focus,"The premise is promising, yet the character logic and pacing never fully support its ambitions.",2017-12-31T01:16:52Z,negative,false,false
CRV00068,CRT006,MOV0155,81,B+,Amber Circuit Garden: a confident romance achievement,"The direction is assured, the performances are precise, and the final movement earns its emotion.",2014-03-22T09:31:45Z,positive,true,false
CRV00069,CRT006,MOV0109,59,C-,Tidal Ember Reverie: ambition without enough focus,"The premise is promising, yet the character logic and pacing never fully support its ambitions.",2021-01-10T19:56:44Z,negative,false,false
CRV00070,CRT006,MOV0060,53,D,Nimbria Crossing: ambition without enough focus,"The premise is promising, yet the character logic and pacing never fully support its ambitions.",2019-06-04T15:28:57Z,negative,false,false
CRV00071,CRT006,MOV0125,70,B-,"Kestrel Dawn Garden: vivid ideas, uneven rhythm","Several sequences are memorable, but the structure loses momentum before recovering near the end.",2021-12-05T06:56:56Z,mixed,true,false
CRV00072,CRT006,MOV0156,75,B,"Amber Circuit Paradox: vivid ideas, uneven rhythm","Several sequences are memorable, but the structure loses momentum before recovering near the end.",2023-10-21T09:38:41Z,mixed,true,false
CRV00073,CRT006,MOV0019,85,A-,Velora Reverie: a confident fantasy achievement,"The direction is assured, the performances are precise, and the final movement earns its emotion.",2021-06-08T20:43:28Z,positive,true,false
CRV00074,CRT006,MOV0159,97,A+,Amber Circuit Reverie: a confident fantasy achievement,"The direction is assured, the performances are precise, and the final movement earns its emotion.",2018-05-30T21:21:48Z,positive,true,true
CRV00075,CRT006,MOV0186,62,C,"Jade Frequency Paradox: vivid ideas, uneven rhythm","Several sequences are memorable, but the structure loses momentum before recovering near the end.",2023-03-15T23:23:31Z,mixed,false,false
CRV00076,CRT006,MOV0088,54,D,Lumenward Constellation: ambition without enough focus,"The premise is promising, yet the character logic and pacing never fully support its ambitions.",2024-06-21T14:30:56Z,negative,false,false
CRV00077,CRT006,MOV0104,83,B+,Tidal Ember Protocol: a confident science fiction achievement,"The direction is assured, the performances are precise, and the final movement earns its emotion.",2026-07-11T09:57:36Z,positive,true,false
CRV00078,CRT006,MOV0170,58,C-,Hollow Prism Crossing: ambition without enough focus,"The premise is promising, yet the character logic and pacing never fully support its ambitions.",2023-04-02T19:16:40Z,negative,false,false
CRV00079,CRT007,MOV0125,74,B-,"Kestrel Dawn Garden: vivid ideas, uneven rhythm","Several sequences are memorable, but the structure loses momentum before recovering near the end.",2024-02-24T17:42:04Z,mixed,true,false
CRV00080,CRT007,MOV0090,60,C,"Lumenward Crossing: vivid ideas, uneven rhythm","Several sequences are memorable, but the structure loses momentum before recovering near the end.",2019-05-27T03:31:26Z,mixed,false,false
CRV00081,CRT007,MOV0044,86,A-,Solivane Protocol: a confident science fiction achievement,"The direction is assured, the performances are precise, and the final movement earns its emotion.",2023-09-20T00:12:56Z,positive,true,false
CRV00082,CRT007,MOV0012,61,C,"Velora Signal: vivid ideas, uneven rhythm","Several sequences are memorable, but the structure loses momentum before recovering near the end.",2005-02-01T07:22:11Z,mixed,false,false
CRV00083,CRT007,MOV0177,55,C-,Winter Atlas Chronicle: ambition without enough focus,"The premise is promising, yet the character logic and pacing never fully support its ambitions.",2024-07-21T19:16:53Z,negative,false,false
CRV00084,CRT007,MOV0128,65,C+,"Kestrel Dawn Constellation: vivid ideas, uneven rhythm","Several sequences are memorable, but the structure loses momentum before recovering near the end.",2021-05-08T04:55:20Z,mixed,false,false
CRV00085,CRT007,MOV0109,69,C+,"Tidal Ember Reverie: vivid ideas, uneven rhythm","Several sequences are memorable, but the structure loses momentum before recovering near the end.",2018-10-30T11:00:09Z,mixed,false,false
CRV00086,CRT007,MOV0086,75,B,"Lumenward Paradox: vivid ideas, uneven rhythm","Several sequences are memorable, but the structure loses momentum before recovering near the end.",2023-07-19T23:42:31Z,mixed,true,false
CRV00087,CRT007,MOV0105,71,B-,"Tidal Ember Garden: vivid ideas, uneven rhythm","Several sequences are memorable, but the structure loses momentum before recovering near the end.",2014-04-07T02:23:58Z,mixed,true,false
CRV00088,CRT007,MOV0020,55,C-,Velora Crossing: ambition without enough focus,"The premise is promising, yet the character logic and pacing never fully support its ambitions.",2023-10-31T06:52:55Z,negative,false,false
CRV00089,CRT007,MOV0013,86,A-,Velora Voyage: a confident thriller achievement,"The direction is assured, the performances are precise, and the final movement earns its emotion.",2012-06-11T01:03:34Z,positive,true,false
CRV00090,CRT007,MOV0139,55,C-,Morrowglass Reverie: ambition without enough focus,"The premise is promising, yet the character logic and pacing never fully support its ambitions.",2022-02-04T18:51:51Z,negative,false,false
CRV00091,CRT007,MOV0050,64,C,"Solivane Crossing: vivid ideas, uneven rhythm","Several sequences are memorable, but the structure loses momentum before recovering near the end.",2026-02-23T17:21:18Z,mixed,false,false
CRV00092,CRT008,MOV0083,74,B-,"Lumenward Voyage: vivid ideas, uneven rhythm","Several sequences are memorable, but the structure loses momentum before recovering near the end.",2019-11-10T17:55:30Z,mixed,true,false
CRV00093,CRT008,MOV0064,66,C+,"Orion Vale Protocol: vivid ideas, uneven rhythm","Several sequences are memorable, but the structure loses momentum before recovering near the end.",2026-03-01T20:57:33Z,mixed,false,false
CRV00094,CRT008,MOV0047,58,C-,Solivane Chronicle: ambition without enough focus,"The premise is promising, yet the character logic and pacing never fully support its ambitions.",2021-05-26T16:35:06Z,negative,false,false
CRV00095,CRT008,MOV0153,81,B+,Amber Circuit Voyage: a confident thriller achievement,"The direction is assured, the performances are precise, and the final movement earns its emotion.",2023-07-11T17:06:01Z,positive,true,false
CRV00096,CRT008,MOV0149,83,B+,Silver Meridian Reverie: a confident fantasy achievement,"The direction is assured, the performances are precise, and the final movement earns its emotion.",2015-12-12T19:47:37Z,positive,true,false
CRV00097,CRT008,MOV0063,72,B-,"Orion Vale Voyage: vivid ideas, uneven rhythm","Several sequences are memorable, but the structure loses momentum before recovering near the end.",2004-06-04T07:34:07Z,mixed,true,false
CRV00098,CRT008,MOV0071,80,B+,Echohaven Archive: a confident drama achievement,"The direction is assured, the performances are precise, and the final movement earns its emotion.",2014-11-15T02:17:54Z,positive,true,false
CRV00099,CRT008,MOV0048,80,B+,Solivane Constellation: a confident animation achievement,"The direction is assured, the performances are precise, and the final movement earns its emotion.",2024-07-05T13:18:44Z,positive,true,false
CRV00100,CRT008,MOV0185,68,C+,"Jade Frequency Garden: vivid ideas, uneven rhythm","Several sequences are memorable, but the structure loses momentum before recovering near the end.",2025-09-01T07:11:47Z,mixed,false,false
CRV00101,CRT008,MOV0007,62,C,"Asterfall Chronicle: vivid ideas, uneven rhythm","Several sequences are memorable, but the structure loses momentum before recovering near the end.",2020-01-29T05:52:28Z,mixed,false,false
CRV00102,CRT008,MOV0132,59,C-,Morrowglass Signal: ambition without enough focus,"The premise is promising, yet the character logic and pacing never fully support its ambitions.",2020-02-06T07:42:46Z,negative,false,false
CRV00103,CRT008,MOV0121,55,C-,Kestrel Dawn Archive: ambition without enough focus,"The premise is promising, yet the character logic and pacing never fully support its ambitions.",2025-04-10T18:22:37Z,negative,false,false
CRV00104,CRT008,MOV0167,78,B,"Hollow Prism Chronicle: vivid ideas, uneven rhythm","Several sequences are memorable, but the structure loses momentum before recovering near the end.",2010-02-03T08:03:23Z,mixed,true,false
CRV00105,CRT009,MOV0178,54,D,Winter Atlas Constellation: ambition without enough focus,"The premise is promising, yet the character logic and pacing never fully support its ambitions.",2003-07-01T09:09:29Z,negative,false,false
CRV00106,CRT009,MOV0057,64,C,"Nimbria Chronicle: vivid ideas, uneven rhythm","Several sequences are memorable, but the structure loses momentum before recovering near the end.",2022-08-27T01:12:08Z,mixed,false,false
CRV00107,CRT009,MOV0173,60,C,"Winter Atlas Voyage: vivid ideas, uneven rhythm","Several sequences are memorable, but the structure loses momentum before recovering near the end.",2021-02-05T09:52:38Z,mixed,false,false
CRV00108,CRT009,MOV0112,95,A+,Novafield Signal: a confident comedy achievement,"The direction is assured, the performances are precise, and the final movement earns its emotion.",2017-01-02T23:34:11Z,positive,true,true
CRV00109,CRT009,MOV0093,57,C-,Ravenspire Voyage: ambition without enough focus,"The premise is promising, yet the character logic and pacing never fully support its ambitions.",2009-11-01T22:58:42Z,negative,false,false
CRV00110,CRT009,MOV0030,60,C,"Moonforge Crossing: vivid ideas, uneven rhythm","Several sequences are memorable, but the structure loses momentum before recovering near the end.",2024-11-26T15:28:42Z,mixed,false,false
CRV00111,CRT009,MOV0157,84,B+,Amber Circuit Chronicle: a confident documentary achievement,"The direction is assured, the performances are precise, and the final movement earns its emotion.",2016-05-07T22:12:42Z,positive,true,false
CRV00112,CRT009,MOV0113,73,B-,"Novafield Voyage: vivid ideas, uneven rhythm","Several sequences are memorable, but the structure loses momentum before recovering near the end.",2000-10-09T14:14:50Z,mixed,true,false
CRV00113,CRT009,MOV0028,64,C,"Moonforge Constellation: vivid ideas, uneven rhythm","Several sequences are memorable, but the structure loses momentum before recovering near the end.",2023-03-05T06:10:16Z,mixed,false,false
CRV00114,CRT009,MOV0044,74,B-,"Solivane Protocol: vivid ideas, uneven rhythm","Several sequences are memorable, but the structure loses momentum before recovering near the end.",2004-07-20T18:41:02Z,mixed,true,false
CRV00115,CRT009,MOV0122,76,B,"Kestrel Dawn Signal: vivid ideas, uneven rhythm","Several sequences are memorable, but the structure loses momentum before recovering near the end.",2026-07-10T16:01:13Z,mixed,true,false
CRV00116,CRT009,MOV0117,72,B-,"Novafield Chronicle: vivid ideas, uneven rhythm","Several sequences are memorable, but the structure loses momentum before recovering near the end.",2025-08-06T05:57:35Z,mixed,true,false
CRV00117,CRT009,MOV0064,75,B,"Orion Vale Protocol: vivid ideas, uneven rhythm","Several sequences are memorable, but the structure loses momentum before recovering near the end.",2025-05-18T07:26:54Z,mixed,true,false
CRV00118,CRT010,MOV0134,71,B-,"Morrowglass Protocol: vivid ideas, uneven rhythm","Several sequences are memorable, but the structure loses momentum before recovering near the end.",2010-08-31T23:59:16Z,mixed,true,false
CRV00119,CRT010,MOV0187,92,A,Jade Frequency Chronicle: a confident documentary achievement,"The direction is assured, the performances are precise, and the final movement earns its emotion.",2023-01-24T16:59:19Z,positive,true,true
CRV00120,CRT010,MOV0153,72,B-,"Amber Circuit Voyage: vivid ideas, uneven rhythm","Several sequences are memorable, but the structure loses momentum before recovering near the end.",2025-11-17T11:26:22Z,mixed,true,false
CRV00121,CRT010,MOV0029,87,A-,Moonforge Reverie: a confident fantasy achievement,"The direction is assured, the performances are precise, and the final movement earns its emotion.",2007-12-26T18:14:16Z,positive,true,false
CRV00122,CRT010,MOV0018,89,A-,Velora Constellation: a confident animation achievement,"The direction is assured, the performances are precise, and the final movement earns its emotion.",2013-04-16T10:28:01Z,positive,true,false
CRV00123,CRT010,MOV0001,93,A,Asterfall Archive: a confident drama achievement,"The direction is assured, the performances are precise, and the final movement earns its emotion.",2023-02-11T02:17:08Z,positive,true,true
CRV00124,CRT010,MOV0109,62,C,"Tidal Ember Reverie: vivid ideas, uneven rhythm","Several sequences are memorable, but the structure loses momentum before recovering near the end.",2009-03-13T14:35:25Z,mixed,false,false
CRV00125,CRT010,MOV0197,74,B-,"Crimson Harbor Chronicle: vivid ideas, uneven rhythm","Several sequences are memorable, but the structure loses momentum before recovering near the end.",2022-11-29T00:45:35Z,mixed,true,false
CRV00126,CRT010,MOV0104,86,A-,Tidal Ember Protocol: a confident science fiction achievement,"The direction is assured, the performances are precise, and the final movement earns its emotion.",2025-08-29T22:22:52Z,positive,true,false
CRV00127,CRT010,MOV0076,78,B,"Echohaven Paradox: vivid ideas, uneven rhythm","Several sequences are memorable, but the structure loses momentum before recovering near the end.",2022-06-20T07:36:32Z,mixed,true,false
CRV00128,CRT010,MOV0096,71,B-,"Ravenspire Paradox: vivid ideas, uneven rhythm","Several sequences are memorable, but the structure loses momentum before recovering near the end.",2008-05-27T04:42:52Z,mixed,true,false
CRV00129,CRT010,MOV0161,86,A-,Hollow Prism Archive: a confident drama achievement,"The direction is assured, the performances are precise, and the final movement earns its emotion.",2019-06-07T04:53:25Z,positive,true,false
CRV00130,CRT010,MOV0037,93,A,Cinderwake Chronicle: a confident documentary achievement,"The direction is assured, the performances are precise, and the final movement earns its emotion.",2025-11-15T20:21:27Z,positive,true,true
CRV00131,CRT011,MOV0112,80,B+,Novafield Signal: a confident comedy achievement,"The direction is assured, the performances are precise, and the final movement earns its emotion.",2011-12-05T19:53:46Z,positive,true,false
CRV00132,CRT011,MOV0030,68,C+,"Moonforge Crossing: vivid ideas, uneven rhythm","Several sequences are memorable, but the structure loses momentum before recovering near the end.",2016-11-18T15:26:55Z,mixed,false,false
CRV00133,CRT011,MOV0175,88,A-,Winter Atlas Garden: a confident romance achievement,"The direction is assured, the performances are precise, and the final movement earns its emotion.",2025-02-24T08:34:30Z,positive,true,false
CRV00134,CRT011,MOV0145,87,A-,Silver Meridian Garden: a confident romance achievement,"The direction is assured, the performances are precise, and the final movement earns its emotion.",2021-11-23T13:29:37Z,positive,true,false
CRV00135,CRT011,MOV0138,81,B+,Morrowglass Constellation: a confident animation achievement,"The direction is assured, the performances are precise, and the final movement earns its emotion.",2020-08-13T17:30:59Z,positive,true,false
CRV00136,CRT011,MOV0029,89,A-,Moonforge Reverie: a confident fantasy achievement,"The direction is assured, the performances are precise, and the final movement earns its emotion.",2023-03-05T15:20:00Z,positive,true,false
CRV00137,CRT011,MOV0036,98,A+,Cinderwake Paradox: a confident action achievement,"The direction is assured, the performances are precise, and the final movement earns its emotion.",2020-06-11T03:07:04Z,positive,true,false
CRV00138,CRT011,MOV0133,68,C+,"Morrowglass Voyage: vivid ideas, uneven rhythm","Several sequences are memorable, but the structure loses momentum before recovering near the end.",2024-03-06T14:50:24Z,mixed,false,false
CRV00139,CRT011,MOV0084,96,A+,Lumenward Protocol: a confident science fiction achievement,"The direction is assured, the performances are precise, and the final movement earns its emotion.",2018-04-30T07:28:37Z,positive,true,false
CRV00140,CRT011,MOV0179,86,A-,Winter Atlas Reverie: a confident fantasy achievement,"The direction is assured, the performances are precise, and the final movement earns its emotion.",2022-10-10T01:57:54Z,positive,true,false
CRV00141,CRT011,MOV0162,66,C+,"Hollow Prism Signal: vivid ideas, uneven rhythm","Several sequences are memorable, but the structure loses momentum before recovering near the end.",2023-11-07T18:39:56Z,mixed,false,false
CRV00142,CRT011,MOV0102,82,B+,Tidal Ember Signal: a confident comedy achievement,"The direction is assured, the performances are precise, and the final movement earns its emotion.",2023-05-02T14:03:55Z,positive,true,false
CRV00143,CRT011,MOV0001,98,A+,Asterfall Archive: a confident drama achievement,"The direction is assured, the performances are precise, and the final movement earns its emotion.",2022-11-07T09:27:19Z,positive,true,false
CRV00144,CRT012,MOV0076,66,C+,"Echohaven Paradox: vivid ideas, uneven rhythm","Several sequences are memorable, but the structure loses momentum before recovering near the end.",2022-12-19T00:00:04Z,mixed,false,false
CRV00145,CRT012,MOV0106,65,C+,"Tidal Ember Paradox: vivid ideas, uneven rhythm","Several sequences are memorable, but the structure loses momentum before recovering near the end.",2014-03-04T05:51:27Z,mixed,false,false
CRV00146,CRT012,MOV0021,66,C+,"Moonforge Archive: vivid ideas, uneven rhythm","Several sequences are memorable, but the structure loses momentum before recovering near the end.",2016-02-14T17:18:43Z,mixed,false,false
CRV00147,CRT012,MOV0183,50,D,Jade Frequency Voyage: ambition without enough focus,"The premise is promising, yet the character logic and pacing never fully support its ambitions.",2024-08-07T08:06:03Z,negative,false,false
CRV00148,CRT012,MOV0092,89,A-,Ravenspire Signal: a confident comedy achievement,"The direction is assured, the performances are precise, and the final movement earns its emotion.",1999-03-04T05:04:46Z,positive,true,false
CRV00149,CRT012,MOV0063,77,B,"Orion Vale Voyage: vivid ideas, uneven rhythm","Several sequences are memorable, but the structure loses momentum before recovering near the end.",2004-06-18T16:05:12Z,mixed,true,false
CRV00150,CRT012,MOV0155,74,B-,"Amber Circuit Garden: vivid ideas, uneven rhythm","Several sequences are memorable, but the structure loses momentum before recovering near the end.",2025-11-25T21:06:10Z,mixed,true,false
CRV00151,CRT012,MOV0100,70,B-,"Ravenspire Crossing: vivid ideas, uneven rhythm","Several sequences are memorable, but the structure loses momentum before recovering near the end.",2025-09-22T23:30:27Z,mixed,true,false
CRV00152,CRT012,MOV0028,69,C+,"Moonforge Constellation: vivid ideas, uneven rhythm","Several sequences are memorable, but the structure loses momentum before recovering near the end.",2024-09-07T11:45:46Z,mixed,false,false
CRV00153,CRT012,MOV0172,58,C-,Winter Atlas Signal: ambition without enough focus,"The premise is promising, yet the character logic and pacing never fully support its ambitions.",2008-03-12T18:00:20Z,negative,false,false
CRV00154,CRT012,MOV0123,81,B+,Kestrel Dawn Voyage: a confident thriller achievement,"The direction is assured, the performances are precise, and the final movement earns its emotion.",2020-04-25T10:27:14Z,positive,true,false
CRV00155,CRT012,MOV0098,90,A,Ravenspire Constellation: a confident animation achievement,"The direction is assured, the performances are precise, and the final movement earns its emotion.",2026-04-26T10:34:04Z,positive,true,false
CRV00156,CRT012,MOV0002,66,C+,"Asterfall Signal: vivid ideas, uneven rhythm","Several sequences are memorable, but the structure loses momentum before recovering near the end.",2005-02-16T09:31:18Z,mixed,false,false
CRV00157,CRT013,MOV0008,81,B+,Asterfall Constellation: a confident animation achievement,"The direction is assured, the performances are precise, and the final movement earns its emotion.",2021-02-24T20:20:25Z,positive,true,false
CRV00158,CRT013,MOV0112,95,A+,Novafield Signal: a confident comedy achievement,"The direction is assured, the performances are precise, and the final movement earns its emotion.",2024-08-05T08:18:33Z,positive,true,false
CRV00159,CRT013,MOV0056,60,C,"Nimbria Paradox: vivid ideas, uneven rhythm","Several sequences are memorable, but the structure loses momentum before recovering near the end.",2008-06-26T03:54:07Z,mixed,false,false
CRV00160,CRT013,MOV0130,68,C+,"Kestrel Dawn Crossing: vivid ideas, uneven rhythm","Several sequences are memorable, but the structure loses momentum before recovering near the end.",2022-03-27T05:28:11Z,mixed,false,false
CRV00161,CRT013,MOV0116,82,B+,Novafield Paradox: a confident action achievement,"The direction is assured, the performances are precise, and the final movement earns its emotion.",2023-04-04T11:58:05Z,positive,true,false
CRV00162,CRT013,MOV0167,84,B+,Hollow Prism Chronicle: a confident documentary achievement,"The direction is assured, the performances are precise, and the final movement earns its emotion.",2018-10-27T16:59:18Z,positive,true,false
CRV00163,CRT013,MOV0129,88,A-,Kestrel Dawn Reverie: a confident fantasy achievement,"The direction is assured, the performances are precise, and the final movement earns its emotion.",2024-11-17T00:45:20Z,positive,true,false
CRV00164,CRT013,MOV0053,84,B+,Nimbria Voyage: a confident thriller achievement,"The direction is assured, the performances are precise, and the final movement earns its emotion.",2026-05-28T01:25:56Z,positive,true,false
CRV00165,CRT013,MOV0037,92,A,Cinderwake Chronicle: a confident documentary achievement,"The direction is assured, the performances are precise, and the final movement earns its emotion.",2026-05-23T22:29:26Z,positive,true,false
CRV00166,CRT013,MOV0142,76,B,"Silver Meridian Signal: vivid ideas, uneven rhythm","Several sequences are memorable, but the structure loses momentum before recovering near the end.",2023-04-09T21:21:38Z,mixed,true,false
CRV00167,CRT013,MOV0063,77,B,"Orion Vale Voyage: vivid ideas, uneven rhythm","Several sequences are memorable, but the structure loses momentum before recovering near the end.",2013-08-29T22:09:43Z,mixed,true,false
CRV00168,CRT013,MOV0092,82,B+,Ravenspire Signal: a confident comedy achievement,"The direction is assured, the performances are precise, and the final movement earns its emotion.",2005-06-13T12:12:01Z,positive,true,false
CRV00169,CRT013,MOV0082,55,C-,Lumenward Signal: ambition without enough focus,"The premise is promising, yet the character logic and pacing never fully support its ambitions.",2020-03-20T22:28:39Z,negative,false,false
CRV00170,CRT014,MOV0005,84,B+,Asterfall Garden: a confident romance achievement,"The direction is assured, the performances are precise, and the final movement earns its emotion.",2023-10-22T18:59:06Z,positive,true,false
CRV00171,CRT014,MOV0029,97,A+,Moonforge Reverie: a confident fantasy achievement,"The direction is assured, the performances are precise, and the final movement earns its emotion.",2011-09-21T06:24:33Z,positive,true,false
CRV00172,CRT014,MOV0106,60,C,"Tidal Ember Paradox: vivid ideas, uneven rhythm","Several sequences are memorable, but the structure loses momentum before recovering near the end.",2023-09-01T12:10:58Z,mixed,false,false
CRV00173,CRT014,MOV0073,91,A,Echohaven Voyage: a confident thriller achievement,"The direction is assured, the performances are precise, and the final movement earns its emotion.",2010-10-11T05:22:18Z,positive,true,false
CRV00174,CRT014,MOV0074,76,B,"Echohaven Protocol: vivid ideas, uneven rhythm","Several sequences are memorable, but the structure loses momentum before recovering near the end.",2020-06-28T16:06:18Z,mixed,true,false
CRV00175,CRT014,MOV0108,72,B-,"Tidal Ember Constellation: vivid ideas, uneven rhythm","Several sequences are memorable, but the structure loses momentum before recovering near the end.",2026-04-04T23:37:51Z,mixed,true,false
CRV00176,CRT014,MOV0042,57,C-,Solivane Signal: ambition without enough focus,"The premise is promising, yet the character logic and pacing never fully support its ambitions.",2012-05-07T09:54:35Z,negative,false,false
CRV00177,CRT014,MOV0064,56,C-,Orion Vale Protocol: ambition without enough focus,"The premise is promising, yet the character logic and pacing never fully support its ambitions.",2026-05-16T13:02:49Z,negative,false,false
CRV00178,CRT014,MOV0024,79,B,"Moonforge Protocol: vivid ideas, uneven rhythm","Several sequences are memorable, but the structure loses momentum before recovering near the end.",2015-08-23T06:09:39Z,mixed,true,false
CRV00179,CRT014,MOV0137,84,B+,Morrowglass Chronicle: a confident documentary achievement,"The direction is assured, the performances are precise, and the final movement earns its emotion.",2015-02-16T22:58:58Z,positive,true,false
CRV00180,CRT014,MOV0027,78,B,"Moonforge Chronicle: vivid ideas, uneven rhythm","Several sequences are memorable, but the structure loses momentum before recovering near the end.",2017-02-28T04:54:05Z,mixed,true,false
CRV00181,CRT014,MOV0018,78,B,"Velora Constellation: vivid ideas, uneven rhythm","Several sequences are memorable, but the structure loses momentum before recovering near the end.",2008-04-01T02:10:02Z,mixed,true,false
CRV00182,CRT014,MOV0179,81,B+,Winter Atlas Reverie: a confident fantasy achievement,"The direction is assured, the performances are precise, and the final movement earns its emotion.",2021-10-19T22:15:51Z,positive,true,false
CRV00183,CRT015,MOV0142,80,B+,Silver Meridian Signal: a confident comedy achievement,"The direction is assured, the performances are precise, and the final movement earns its emotion.",2015-11-23T03:33:03Z,positive,true,false
CRV00184,CRT015,MOV0010,95,A+,Asterfall Crossing: a confident horror achievement,"The direction is assured, the performances are precise, and the final movement earns its emotion.",2025-05-22T02:18:14Z,positive,true,false
CRV00185,CRT015,MOV0043,71,B-,"Solivane Voyage: vivid ideas, uneven rhythm","Several sequences are memorable, but the structure loses momentum before recovering near the end.",2009-06-04T01:00:06Z,mixed,true,false
CRV00186,CRT015,MOV0155,73,B-,"Amber Circuit Garden: vivid ideas, uneven rhythm","Several sequences are memorable, but the structure loses momentum before recovering near the end.",2012-01-01T08:02:33Z,mixed,true,false
CRV00187,CRT015,MOV0045,61,C,"Solivane Garden: vivid ideas, uneven rhythm","Several sequences are memorable, but the structure loses momentum before recovering near the end.",2021-01-03T02:58:32Z,mixed,false,false
CRV00188,CRT015,MOV0138,82,B+,Morrowglass Constellation: a confident animation achievement,"The direction is assured, the performances are precise, and the final movement earns its emotion.",2020-05-25T22:56:58Z,positive,true,false
CRV00189,CRT015,MOV0080,89,A-,Echohaven Crossing: a confident horror achievement,"The direction is assured, the performances are precise, and the final movement earns its emotion.",2025-02-20T21:29:13Z,positive,true,false
CRV00190,CRT015,MOV0066,70,B-,"Orion Vale Paradox: vivid ideas, uneven rhythm","Several sequences are memorable, but the structure loses momentum before recovering near the end.",2025-02-07T08:59:29Z,mixed,true,false
CRV00191,CRT015,MOV0070,76,B,"Orion Vale Crossing: vivid ideas, uneven rhythm","Several sequences are memorable, but the structure loses momentum before recovering near the end.",2025-01-13T13:20:37Z,mixed,true,false
CRV00192,CRT015,MOV0065,53,D,Orion Vale Garden: ambition without enough focus,"The premise is promising, yet the character logic and pacing never fully support its ambitions.",2013-08-14T00:10:38Z,negative,false,false
CRV00193,CRT015,MOV0160,71,B-,"Amber Circuit Crossing: vivid ideas, uneven rhythm","Several sequences are memorable, but the structure loses momentum before recovering near the end.",2024-12-28T03:53:59Z,mixed,true,false
CRV00194,CRT015,MOV0076,87,A-,Echohaven Paradox: a confident action achievement,"The direction is assured, the performances are precise, and the final movement earns its emotion.",2021-03-15T23:45:25Z,positive,true,false
CRV00195,CRT015,MOV0074,70,B-,"Echohaven Protocol: vivid ideas, uneven rhythm","Several sequences are memorable, but the structure loses momentum before recovering near the end.",2011-11-05T18:04:43Z,mixed,true,false
CRV00196,CRT016,MOV0038,92,A,Cinderwake Constellation: a confident animation achievement,"The direction is assured, the performances are precise, and the final movement earns its emotion.",2021-10-26T02:46:10Z,positive,true,false
CRV00197,CRT016,MOV0187,92,A,Jade Frequency Chronicle: a confident documentary achievement,"The direction is assured, the performances are precise, and the final movement earns its emotion.",2016-12-26T23:27:26Z,positive,true,false
CRV00198,CRT016,MOV0070,69,C+,"Orion Vale Crossing: vivid ideas, uneven rhythm","Several sequences are memorable, but the structure loses momentum before recovering near the end.",2025-07-04T22:35:37Z,mixed,false,false
CRV00199,CRT016,MOV0100,72,B-,"Ravenspire Crossing: vivid ideas, uneven rhythm","Several sequences are memorable, but the structure loses momentum before recovering near the end.",2014-11-08T18:38:58Z,mixed,true,false
CRV00200,CRT016,MOV0057,80,B+,Nimbria Chronicle: a confident documentary achievement,"The direction is assured, the performances are precise, and the final movement earns its emotion.",2025-10-29T03:12:33Z,positive,true,false
CRV00201,CRT016,MOV0115,58,C-,Novafield Garden: ambition without enough focus,"The premise is promising, yet the character logic and pacing never fully support its ambitions.",2020-11-01T04:09:27Z,negative,false,false
CRV00202,CRT016,MOV0044,88,A-,Solivane Protocol: a confident science fiction achievement,"The direction is assured, the performances are precise, and the final movement earns its emotion.",2006-08-17T20:06:28Z,positive,true,false
CRV00203,CRT016,MOV0106,58,C-,Tidal Ember Paradox: ambition without enough focus,"The premise is promising, yet the character logic and pacing never fully support its ambitions.",2004-05-11T13:36:19Z,negative,false,false
CRV00204,CRT016,MOV0073,82,B+,Echohaven Voyage: a confident thriller achievement,"The direction is assured, the performances are precise, and the final movement earns its emotion.",2020-02-16T14:40:39Z,positive,true,false
CRV00205,CRT016,MOV0175,73,B-,"Winter Atlas Garden: vivid ideas, uneven rhythm","Several sequences are memorable, but the structure loses momentum before recovering near the end.",2019-11-09T13:58:05Z,mixed,true,false
CRV00206,CRT016,MOV0130,74,B-,"Kestrel Dawn Crossing: vivid ideas, uneven rhythm","Several sequences are memorable, but the structure loses momentum before recovering near the end.",2021-08-02T21:41:49Z,mixed,true,false
CRV00207,CRT016,MOV0168,75,B,"Hollow Prism Constellation: vivid ideas, uneven rhythm","Several sequences are memorable, but the structure loses momentum before recovering near the end.",2019-06-24T06:56:16Z,mixed,true,false
CRV00208,CRT016,MOV0118,67,C+,"Novafield Constellation: vivid ideas, uneven rhythm","Several sequences are memorable, but the structure loses momentum before recovering near the end.",2013-09-06T10:24:49Z,mixed,false,false
CRV00209,CRT017,MOV0083,88,A-,Lumenward Voyage: a confident thriller achievement,"The direction is assured, the performances are precise, and the final movement earns its emotion.",2012-06-01T15:25:36Z,positive,true,false
CRV00210,CRT017,MOV0180,80,B+,Winter Atlas Crossing: a confident horror achievement,"The direction is assured, the performances are precise, and the final movement earns its emotion.",2011-08-07T13:18:45Z,positive,true,false
CRV00211,CRT017,MOV0125,82,B+,Kestrel Dawn Garden: a confident romance achievement,"The direction is assured, the performances are precise, and the final movement earns its emotion.",2021-10-17T23:33:01Z,positive,true,false
CRV00212,CRT017,MOV0030,53,D,Moonforge Crossing: ambition without enough focus,"The premise is promising, yet the character logic and pacing never fully support its ambitions.",2025-04-24T10:14:01Z,negative,false,false
CRV00213,CRT017,MOV0108,71,B-,"Tidal Ember Constellation: vivid ideas, uneven rhythm","Several sequences are memorable, but the structure loses momentum before recovering near the end.",2025-12-20T11:22:38Z,mixed,true,false
CRV00214,CRT017,MOV0134,65,C+,"Morrowglass Protocol: vivid ideas, uneven rhythm","Several sequences are memorable, but the structure loses momentum before recovering near the end.",2015-02-19T19:12:33Z,mixed,false,false
CRV00215,CRT017,MOV0042,73,B-,"Solivane Signal: vivid ideas, uneven rhythm","Several sequences are memorable, but the structure loses momentum before recovering near the end.",2019-02-28T20:23:22Z,mixed,true,false
CRV00216,CRT017,MOV0127,79,B,"Kestrel Dawn Chronicle: vivid ideas, uneven rhythm","Several sequences are memorable, but the structure loses momentum before recovering near the end.",2020-12-13T10:40:02Z,mixed,true,false
CRV00217,CRT017,MOV0017,73,B-,"Velora Chronicle: vivid ideas, uneven rhythm","Several sequences are memorable, but the structure loses momentum before recovering near the end.",2024-10-07T21:22:59Z,mixed,true,false
CRV00218,CRT017,MOV0113,60,C,"Novafield Voyage: vivid ideas, uneven rhythm","Several sequences are memorable, but the structure loses momentum before recovering near the end.",2008-08-07T10:23:27Z,mixed,false,false
CRV00219,CRT017,MOV0190,69,C+,"Jade Frequency Crossing: vivid ideas, uneven rhythm","Several sequences are memorable, but the structure loses momentum before recovering near the end.",2026-04-07T00:57:35Z,mixed,false,false
CRV00220,CRT017,MOV0079,93,A,Echohaven Reverie: a confident fantasy achievement,"The direction is assured, the performances are precise, and the final movement earns its emotion.",2013-08-18T09:26:04Z,positive,true,false
CRV00221,CRT017,MOV0049,73,B-,"Solivane Reverie: vivid ideas, uneven rhythm","Several sequences are memorable, but the structure loses momentum before recovering near the end.",2008-06-21T13:35:04Z,mixed,true,false
CRV00222,CRT018,MOV0084,83,B+,Lumenward Protocol: a confident science fiction achievement,"The direction is assured, the performances are precise, and the final movement earns its emotion.",2021-06-14T11:17:30Z,positive,true,false
CRV00223,CRT018,MOV0009,81,B+,Asterfall Reverie: a confident fantasy achievement,"The direction is assured, the performances are precise, and the final movement earns its emotion.",2025-02-11T02:06:32Z,positive,true,false
CRV00224,CRT018,MOV0037,94,A,Cinderwake Chronicle: a confident documentary achievement,"The direction is assured, the performances are precise, and the final movement earns its emotion.",2025-12-05T13:46:27Z,positive,true,false
CRV00225,CRT018,MOV0097,95,A+,Ravenspire Chronicle: a confident documentary achievement,"The direction is assured, the performances are precise, and the final movement earns its emotion.",2026-05-03T09:07:43Z,positive,true,false
CRV00226,CRT018,MOV0049,80,B+,Solivane Reverie: a confident fantasy achievement,"The direction is assured, the performances are precise, and the final movement earns its emotion.",2016-02-22T08:01:49Z,positive,true,false
CRV00227,CRT018,MOV0036,82,B+,Cinderwake Paradox: a confident action achievement,"The direction is assured, the performances are precise, and the final movement earns its emotion.",2026-01-25T01:11:33Z,positive,true,false
CRV00228,CRT018,MOV0117,74,B-,"Novafield Chronicle: vivid ideas, uneven rhythm","Several sequences are memorable, but the structure loses momentum before recovering near the end.",2025-10-20T17:28:07Z,mixed,true,false
CRV00229,CRT018,MOV0039,53,D,Cinderwake Reverie: ambition without enough focus,"The premise is promising, yet the character logic and pacing never fully support its ambitions.",2019-07-13T14:58:43Z,negative,false,false
CRV00230,CRT018,MOV0121,61,C,"Kestrel Dawn Archive: vivid ideas, uneven rhythm","Several sequences are memorable, but the structure loses momentum before recovering near the end.",2026-05-16T08:39:29Z,mixed,false,false
CRV00231,CRT018,MOV0143,61,C,"Silver Meridian Voyage: vivid ideas, uneven rhythm","Several sequences are memorable, but the structure loses momentum before recovering near the end.",2011-02-20T08:56:46Z,mixed,false,false
CRV00232,CRT018,MOV0155,77,B,"Amber Circuit Garden: vivid ideas, uneven rhythm","Several sequences are memorable, but the structure loses momentum before recovering near the end.",2008-03-09T14:30:35Z,mixed,true,false
CRV00233,CRT018,MOV0107,71,B-,"Tidal Ember Chronicle: vivid ideas, uneven rhythm","Several sequences are memorable, but the structure loses momentum before recovering near the end.",2017-03-02T13:49:01Z,mixed,true,false
CRV00234,CRT018,MOV0181,79,B,"Jade Frequency Archive: vivid ideas, uneven rhythm","Several sequences are memorable, but the structure loses momentum before recovering near the end.",2012-01-29T13:52:29Z,mixed,true,false
CRV00235,CRT019,MOV0093,70,B-,"Ravenspire Voyage: vivid ideas, uneven rhythm","Several sequences are memorable, but the structure loses momentum before recovering near the end.",2010-06-05T10:47:41Z,mixed,true,false
CRV00236,CRT019,MOV0021,62,C,"Moonforge Archive: vivid ideas, uneven rhythm","Several sequences are memorable, but the structure loses momentum before recovering near the end.",2024-06-23T00:45:40Z,mixed,false,false
CRV00237,CRT019,MOV0194,90,A,Crimson Harbor Protocol: a confident science fiction achievement,"The direction is assured, the performances are precise, and the final movement earns its emotion.",2020-09-25T16:47:47Z,positive,true,false
CRV00238,CRT019,MOV0084,78,B,"Lumenward Protocol: vivid ideas, uneven rhythm","Several sequences are memorable, but the structure loses momentum before recovering near the end.",2019-09-18T17:34:50Z,mixed,true,false
CRV00239,CRT019,MOV0126,54,D,Kestrel Dawn Paradox: ambition without enough focus,"The premise is promising, yet the character logic and pacing never fully support its ambitions.",2020-08-13T22:52:26Z,negative,false,false
CRV00240,CRT019,MOV0068,84,B+,Orion Vale Constellation: a confident animation achievement,"The direction is assured, the performances are precise, and the final movement earns its emotion.",2023-01-09T19:33:52Z,positive,true,false
CRV00241,CRT019,MOV0095,71,B-,"Ravenspire Garden: vivid ideas, uneven rhythm","Several sequences are memorable, but the structure loses momentum before recovering near the end.",1998-04-16T10:18:49Z,mixed,true,false
CRV00242,CRT019,MOV0165,62,C,"Hollow Prism Garden: vivid ideas, uneven rhythm","Several sequences are memorable, but the structure loses momentum before recovering near the end.",2015-04-20T15:10:33Z,mixed,false,false
CRV00243,CRT019,MOV0027,75,B,"Moonforge Chronicle: vivid ideas, uneven rhythm","Several sequences are memorable, but the structure loses momentum before recovering near the end.",2019-11-15T02:12:47Z,mixed,true,false
CRV00244,CRT019,MOV0064,72,B-,"Orion Vale Protocol: vivid ideas, uneven rhythm","Several sequences are memorable, but the structure loses momentum before recovering near the end.",2025-07-20T23:19:23Z,mixed,true,false
CRV00245,CRT019,MOV0018,69,C+,"Velora Constellation: vivid ideas, uneven rhythm","Several sequences are memorable, but the structure loses momentum before recovering near the end.",2011-12-26T03:00:47Z,mixed,false,false
CRV00246,CRT019,MOV0148,83,B+,Silver Meridian Constellation: a confident animation achievement,"The direction is assured, the performances are precise, and the final movement earns its emotion.",2000-05-17T20:28:50Z,positive,true,false
CRV00247,CRT019,MOV0152,69,C+,"Amber Circuit Signal: vivid ideas, uneven rhythm","Several sequences are memorable, but the structure loses momentum before recovering near the end.",2010-02-02T00:33:32Z,mixed,false,false
CRV00248,CRT020,MOV0084,93,A,Lumenward Protocol: a confident science fiction achievement,"The direction is assured, the performances are precise, and the final movement earns its emotion.",2018-06-08T09:26:31Z,positive,true,false
CRV00249,CRT020,MOV0165,66,C+,"Hollow Prism Garden: vivid ideas, uneven rhythm","Several sequences are memorable, but the structure loses momentum before recovering near the end.",2013-09-01T04:53:21Z,mixed,false,false
CRV00250,CRT020,MOV0011,69,C+,"Velora Archive: vivid ideas, uneven rhythm","Several sequences are memorable, but the structure loses momentum before recovering near the end.",2023-11-17T17:46:42Z,mixed,false,false
CRV00251,CRT020,MOV0052,74,B-,"Nimbria Signal: vivid ideas, uneven rhythm","Several sequences are memorable, but the structure loses momentum before recovering near the end.",2015-09-20T05:32:48Z,mixed,true,false
CRV00252,CRT020,MOV0116,82,B+,Novafield Paradox: a confident action achievement,"The direction is assured, the performances are precise, and the final movement earns its emotion.",2022-11-27T19:38:29Z,positive,true,false
CRV00253,CRT020,MOV0142,65,C+,"Silver Meridian Signal: vivid ideas, uneven rhythm","Several sequences are memorable, but the structure loses momentum before recovering near the end.",2012-05-17T00:46:36Z,mixed,false,false
CRV00254,CRT020,MOV0041,71,B-,"Solivane Archive: vivid ideas, uneven rhythm","Several sequences are memorable, but the structure loses momentum before recovering near the end.",2026-03-26T23:48:58Z,mixed,true,false
CRV00255,CRT020,MOV0030,61,C,"Moonforge Crossing: vivid ideas, uneven rhythm","Several sequences are memorable, but the structure loses momentum before recovering near the end.",2016-12-06T14:41:40Z,mixed,false,false
CRV00256,CRT020,MOV0016,61,C,"Velora Paradox: vivid ideas, uneven rhythm","Several sequences are memorable, but the structure loses momentum before recovering near the end.",2025-05-17T08:26:40Z,mixed,false,false
CRV00257,CRT020,MOV0143,59,C-,Silver Meridian Voyage: ambition without enough focus,"The premise is promising, yet the character logic and pacing never fully support its ambitions.",2026-01-08T10:58:41Z,negative,false,false
CRV00258,CRT020,MOV0187,93,A,Jade Frequency Chronicle: a confident documentary achievement,"The direction is assured, the performances are precise, and the final movement earns its emotion.",2012-07-17T15:56:52Z,positive,true,false
CRV00259,CRT020,MOV0190,63,C,"Jade Frequency Crossing: vivid ideas, uneven rhythm","Several sequences are memorable, but the structure loses momentum before recovering near the end.",1999-11-15T00:37:56Z,mixed,false,false
CRV00260,CRT020,MOV0103,71,B-,"Tidal Ember Voyage: vivid ideas, uneven rhythm","Several sequences are memorable, but the structure loses momentum before recovering near the end.",2026-02-03T11:13:35Z,mixed,true,false
CRV00261,CRT021,MOV0002,81,B+,Asterfall Signal: a confident comedy achievement,"The direction is assured, the performances are precise, and the final movement earns its emotion.",2005-05-11T21:14:30Z,positive,true,false
CRV00262,CRT021,MOV0113,63,C,"Novafield Voyage: vivid ideas, uneven rhythm","Several sequences are memorable, but the structure loses momentum before recovering near the end.",2003-08-23T23:06:35Z,mixed,false,false
CRV00263,CRT021,MOV0099,78,B,"Ravenspire Reverie: vivid ideas, uneven rhythm","Several sequences are memorable, but the structure loses momentum before recovering near the end.",2021-09-21T06:39:54Z,mixed,true,false
CRV00264,CRT021,MOV0077,75,B,"Echohaven Chronicle: vivid ideas, uneven rhythm","Several sequences are memorable, but the structure loses momentum before recovering near the end.",2016-12-31T14:48:59Z,mixed,true,false
CRV00265,CRT021,MOV0168,60,C,"Hollow Prism Constellation: vivid ideas, uneven rhythm","Several sequences are memorable, but the structure loses momentum before recovering near the end.",2009-04-30T10:03:52Z,mixed,false,false
CRV00266,CRT021,MOV0110,56,C-,Tidal Ember Crossing: ambition without enough focus,"The premise is promising, yet the character logic and pacing never fully support its ambitions.",2022-06-09T18:54:37Z,negative,false,false
CRV00267,CRT021,MOV0073,74,B-,"Echohaven Voyage: vivid ideas, uneven rhythm","Several sequences are memorable, but the structure loses momentum before recovering near the end.",2023-01-26T19:56:31Z,mixed,true,false
CRV00268,CRT021,MOV0112,83,B+,Novafield Signal: a confident comedy achievement,"The direction is assured, the performances are precise, and the final movement earns its emotion.",2013-07-18T15:22:05Z,positive,true,false
CRV00269,CRT021,MOV0158,78,B,"Amber Circuit Constellation: vivid ideas, uneven rhythm","Several sequences are memorable, but the structure loses momentum before recovering near the end.",2004-08-14T00:19:36Z,mixed,true,false
CRV00270,CRT021,MOV0016,65,C+,"Velora Paradox: vivid ideas, uneven rhythm","Several sequences are memorable, but the structure loses momentum before recovering near the end.",2012-08-05T05:17:47Z,mixed,false,false
CRV00271,CRT021,MOV0022,76,B,"Moonforge Signal: vivid ideas, uneven rhythm","Several sequences are memorable, but the structure loses momentum before recovering near the end.",2022-04-30T07:11:12Z,mixed,true,false
CRV00272,CRT021,MOV0076,72,B-,"Echohaven Paradox: vivid ideas, uneven rhythm","Several sequences are memorable, but the structure loses momentum before recovering near the end.",2025-08-02T00:17:50Z,mixed,true,false
CRV00273,CRT022,MOV0111,73,B-,"Novafield Archive: vivid ideas, uneven rhythm","Several sequences are memorable, but the structure loses momentum before recovering near the end.",2020-10-24T19:49:05Z,mixed,true,false
CRV00274,CRT022,MOV0196,91,A,Crimson Harbor Paradox: a confident action achievement,"The direction is assured, the performances are precise, and the final movement earns its emotion.",2025-05-17T02:44:21Z,positive,true,false
CRV00275,CRT022,MOV0131,84,B+,Morrowglass Archive: a confident drama achievement,"The direction is assured, the performances are precise, and the final movement earns its emotion.",2026-07-03T11:47:24Z,positive,true,false
CRV00276,CRT022,MOV0050,58,C-,Solivane Crossing: ambition without enough focus,"The premise is promising, yet the character logic and pacing never fully support its ambitions.",2025-11-16T19:22:14Z,negative,false,false
CRV00277,CRT022,MOV0081,68,C+,"Lumenward Archive: vivid ideas, uneven rhythm","Several sequences are memorable, but the structure loses momentum before recovering near the end.",2011-04-05T04:15:34Z,mixed,false,false
CRV00278,CRT022,MOV0015,86,A-,Velora Garden: a confident romance achievement,"The direction is assured, the performances are precise, and the final movement earns its emotion.",2025-12-13T02:53:58Z,positive,true,false
CRV00279,CRT022,MOV0023,76,B,"Moonforge Voyage: vivid ideas, uneven rhythm","Several sequences are memorable, but the structure loses momentum before recovering near the end.",2020-08-25T10:10:44Z,mixed,true,false
CRV00280,CRT022,MOV0079,88,A-,Echohaven Reverie: a confident fantasy achievement,"The direction is assured, the performances are precise, and the final movement earns its emotion.",2025-09-13T11:27:32Z,positive,true,false
CRV00281,CRT022,MOV0047,56,C-,Solivane Chronicle: ambition without enough focus,"The premise is promising, yet the character logic and pacing never fully support its ambitions.",2016-10-17T18:40:06Z,negative,false,false
CRV00282,CRT022,MOV0200,82,B+,Crimson Harbor Crossing: a confident horror achievement,"The direction is assured, the performances are precise, and the final movement earns its emotion.",2025-07-08T21:50:36Z,positive,true,false
CRV00283,CRT022,MOV0106,48,D,Tidal Ember Paradox: ambition without enough focus,"The premise is promising, yet the character logic and pacing never fully support its ambitions.",2024-08-28T12:30:51Z,negative,false,false
CRV00284,CRT022,MOV0138,88,A-,Morrowglass Constellation: a confident animation achievement,"The direction is assured, the performances are precise, and the final movement earns its emotion.",2014-07-12T22:07:10Z,positive,true,false
CRV00285,CRT023,MOV0061,74,B-,"Orion Vale Archive: vivid ideas, uneven rhythm","Several sequences are memorable, but the structure loses momentum before recovering near the end.",2008-03-13T17:08:20Z,mixed,true,false
CRV00286,CRT023,MOV0174,82,B+,Winter Atlas Protocol: a confident science fiction achievement,"The direction is assured, the performances are precise, and the final movement earns its emotion.",2006-05-13T11:52:07Z,positive,true,false
CRV00287,CRT023,MOV0171,63,C,"Winter Atlas Archive: vivid ideas, uneven rhythm","Several sequences are memorable, but the structure loses momentum before recovering near the end.",2019-07-29T03:59:35Z,mixed,false,false
CRV00288,CRT023,MOV0047,70,B-,"Solivane Chronicle: vivid ideas, uneven rhythm","Several sequences are memorable, but the structure loses momentum before recovering near the end.",2022-11-26T04:33:56Z,mixed,true,false
CRV00289,CRT023,MOV0055,72,B-,"Nimbria Garden: vivid ideas, uneven rhythm","Several sequences are memorable, but the structure loses momentum before recovering near the end.",2022-10-13T20:44:28Z,mixed,true,false
CRV00290,CRT023,MOV0194,78,B,"Crimson Harbor Protocol: vivid ideas, uneven rhythm","Several sequences are memorable, but the structure loses momentum before recovering near the end.",2025-08-08T19:39:34Z,mixed,true,false
CRV00291,CRT023,MOV0177,52,D,Winter Atlas Chronicle: ambition without enough focus,"The premise is promising, yet the character logic and pacing never fully support its ambitions.",2019-10-11T15:35:38Z,negative,false,false
CRV00292,CRT023,MOV0139,54,D,Morrowglass Reverie: ambition without enough focus,"The premise is promising, yet the character logic and pacing never fully support its ambitions.",2020-07-25T04:50:55Z,negative,false,false
CRV00293,CRT023,MOV0083,80,B+,Lumenward Voyage: a confident thriller achievement,"The direction is assured, the performances are precise, and the final movement earns its emotion.",2017-05-04T14:00:53Z,positive,true,false
CRV00294,CRT023,MOV0187,92,A,Jade Frequency Chronicle: a confident documentary achievement,"The direction is assured, the performances are precise, and the final movement earns its emotion.",2018-12-23T07:44:09Z,positive,true,false
CRV00295,CRT023,MOV0077,73,B-,"Echohaven Chronicle: vivid ideas, uneven rhythm","Several sequences are memorable, but the structure loses momentum before recovering near the end.",2021-04-20T20:00:21Z,mixed,true,false
CRV00296,CRT023,MOV0057,65,C+,"Nimbria Chronicle: vivid ideas, uneven rhythm","Several sequences are memorable, but the structure loses momentum before recovering near the end.",2016-09-12T21:13:54Z,mixed,false,false
CRV00297,CRT024,MOV0129,85,A-,Kestrel Dawn Reverie: a confident fantasy achievement,"The direction is assured, the performances are precise, and the final movement earns its emotion.",2016-07-31T17:32:23Z,positive,true,false
CRV00298,CRT024,MOV0067,78,B,"Orion Vale Chronicle: vivid ideas, uneven rhythm","Several sequences are memorable, but the structure loses momentum before recovering near the end.",2020-07-28T15:17:39Z,mixed,true,false
CRV00299,CRT024,MOV0158,84,B+,Amber Circuit Constellation: a confident animation achievement,"The direction is assured, the performances are precise, and the final movement earns its emotion.",2012-01-14T13:16:50Z,positive,true,false
CRV00300,CRT024,MOV0109,71,B-,"Tidal Ember Reverie: vivid ideas, uneven rhythm","Several sequences are memorable, but the structure loses momentum before recovering near the end.",2008-09-15T07:41:09Z,mixed,true,false
CRV00301,CRT024,MOV0014,73,B-,"Velora Protocol: vivid ideas, uneven rhythm","Several sequences are memorable, but the structure loses momentum before recovering near the end.",2014-02-24T18:39:42Z,mixed,true,false
CRV00302,CRT024,MOV0051,62,C,"Nimbria Archive: vivid ideas, uneven rhythm","Several sequences are memorable, but the structure loses momentum before recovering near the end.",2026-01-27T20:59:46Z,mixed,false,false
CRV00303,CRT024,MOV0178,66,C+,"Winter Atlas Constellation: vivid ideas, uneven rhythm","Several sequences are memorable, but the structure loses momentum before recovering near the end.",2015-06-06T01:42:47Z,mixed,false,false
CRV00304,CRT024,MOV0190,68,C+,"Jade Frequency Crossing: vivid ideas, uneven rhythm","Several sequences are memorable, but the structure loses momentum before recovering near the end.",2014-10-14T22:00:30Z,mixed,false,false
CRV00305,CRT024,MOV0066,52,D,Orion Vale Paradox: ambition without enough focus,"The premise is promising, yet the character logic and pacing never fully support its ambitions.",2013-11-01T04:53:37Z,negative,false,false
CRV00306,CRT024,MOV0068,64,C,"Orion Vale Constellation: vivid ideas, uneven rhythm","Several sequences are memorable, but the structure loses momentum before recovering near the end.",2013-01-14T08:37:47Z,mixed,false,false
CRV00307,CRT024,MOV0118,87,A-,Novafield Constellation: a confident animation achievement,"The direction is assured, the performances are precise, and the final movement earns its emotion.",2015-09-03T18:07:51Z,positive,true,false
CRV00308,CRT024,MOV0071,68,C+,"Echohaven Archive: vivid ideas, uneven rhythm","Several sequences are memorable, but the structure loses momentum before recovering near the end.",2018-12-24T18:31:39Z,mixed,false,false
CRV00309,CRT025,MOV0110,56,C-,Tidal Ember Crossing: ambition without enough focus,"The premise is promising, yet the character logic and pacing never fully support its ambitions.",2023-01-09T14:40:07Z,negative,false,false
CRV00310,CRT025,MOV0147,72,B-,"Silver Meridian Chronicle: vivid ideas, uneven rhythm","Several sequences are memorable, but the structure loses momentum before recovering near the end.",2024-01-02T05:08:55Z,mixed,true,false
CRV00311,CRT025,MOV0111,60,C,"Novafield Archive: vivid ideas, uneven rhythm","Several sequences are memorable, but the structure loses momentum before recovering near the end.",2017-06-24T19:33:15Z,mixed,false,false
CRV00312,CRT025,MOV0034,67,C+,"Cinderwake Protocol: vivid ideas, uneven rhythm","Several sequences are memorable, but the structure loses momentum before recovering near the end.",2010-09-14T00:32:21Z,mixed,false,false
CRV00313,CRT025,MOV0133,75,B,"Morrowglass Voyage: vivid ideas, uneven rhythm","Several sequences are memorable, but the structure loses momentum before recovering near the end.",2025-04-30T00:42:04Z,mixed,true,false
CRV00314,CRT025,MOV0070,60,C,"Orion Vale Crossing: vivid ideas, uneven rhythm","Several sequences are memorable, but the structure loses momentum before recovering near the end.",2023-06-09T21:39:06Z,mixed,false,false
CRV00315,CRT025,MOV0054,58,C-,Nimbria Protocol: ambition without enough focus,"The premise is promising, yet the character logic and pacing never fully support its ambitions.",2023-01-13T23:37:01Z,negative,false,false
CRV00316,CRT025,MOV0200,89,A-,Crimson Harbor Crossing: a confident horror achievement,"The direction is assured, the performances are precise, and the final movement earns its emotion.",2025-09-27T07:23:23Z,positive,true,false
CRV00317,CRT025,MOV0141,85,A-,Silver Meridian Archive: a confident drama achievement,"The direction is assured, the performances are precise, and the final movement earns its emotion.",2024-05-21T03:32:23Z,positive,true,false
CRV00318,CRT025,MOV0102,73,B-,"Tidal Ember Signal: vivid ideas, uneven rhythm","Several sequences are memorable, but the structure loses momentum before recovering near the end.",2004-05-16T08:50:05Z,mixed,true,false
CRV00319,CRT025,MOV0094,60,C,"Ravenspire Protocol: vivid ideas, uneven rhythm","Several sequences are memorable, but the structure loses momentum before recovering near the end.",2025-09-18T06:36:48Z,mixed,false,false
CRV00320,CRT025,MOV0031,82,B+,Cinderwake Archive: a confident drama achievement,"The direction is assured, the performances are precise, and the final movement earns its emotion.",2018-11-30T02:25:40Z,positive,true,false
CRV00321,CRT026,MOV0024,63,C,"Moonforge Protocol: vivid ideas, uneven rhythm","Several sequences are memorable, but the structure loses momentum before recovering near the end.",2026-06-11T03:05:49Z,mixed,false,false
CRV00322,CRT026,MOV0137,77,B,"Morrowglass Chronicle: vivid ideas, uneven rhythm","Several sequences are memorable, but the structure loses momentum before recovering near the end.",2022-03-31T18:16:41Z,mixed,true,false
CRV00323,CRT026,MOV0082,55,C-,Lumenward Signal: ambition without enough focus,"The premise is promising, yet the character logic and pacing never fully support its ambitions.",2011-12-09T21:10:36Z,negative,false,false
CRV00324,CRT026,MOV0175,86,A-,Winter Atlas Garden: a confident romance achievement,"The direction is assured, the performances are precise, and the final movement earns its emotion.",2023-10-18T00:49:00Z,positive,true,false
CRV00325,CRT026,MOV0189,95,A+,Jade Frequency Reverie: a confident fantasy achievement,"The direction is assured, the performances are precise, and the final movement earns its emotion.",2011-10-09T04:28:59Z,positive,true,false
CRV00326,CRT026,MOV0141,83,B+,Silver Meridian Archive: a confident drama achievement,"The direction is assured, the performances are precise, and the final movement earns its emotion.",2023-05-14T09:16:20Z,positive,true,false
CRV00327,CRT026,MOV0124,59,C-,Kestrel Dawn Protocol: ambition without enough focus,"The premise is promising, yet the character logic and pacing never fully support its ambitions.",2011-02-22T18:55:50Z,negative,false,false
CRV00328,CRT026,MOV0012,47,D,Velora Signal: ambition without enough focus,"The premise is promising, yet the character logic and pacing never fully support its ambitions.",2004-10-26T07:57:36Z,negative,false,false
CRV00329,CRT026,MOV0050,62,C,"Solivane Crossing: vivid ideas, uneven rhythm","Several sequences are memorable, but the structure loses momentum before recovering near the end.",2025-09-17T02:52:18Z,mixed,false,false
CRV00330,CRT026,MOV0194,72,B-,"Crimson Harbor Protocol: vivid ideas, uneven rhythm","Several sequences are memorable, but the structure loses momentum before recovering near the end.",2016-08-11T07:18:23Z,mixed,true,false
CRV00331,CRT026,MOV0193,51,D,Crimson Harbor Voyage: ambition without enough focus,"The premise is promising, yet the character logic and pacing never fully support its ambitions.",1998-06-21T09:17:59Z,negative,false,false
CRV00332,CRT026,MOV0051,71,B-,"Nimbria Archive: vivid ideas, uneven rhythm","Several sequences are memorable, but the structure loses momentum before recovering near the end.",2023-01-23T12:47:50Z,mixed,true,false
CRV00333,CRT027,MOV0134,57,C-,Morrowglass Protocol: ambition without enough focus,"The premise is promising, yet the character logic and pacing never fully support its ambitions.",2016-08-19T13:52:22Z,negative,false,false
CRV00334,CRT027,MOV0044,78,B,"Solivane Protocol: vivid ideas, uneven rhythm","Several sequences are memorable, but the structure loses momentum before recovering near the end.",2019-08-24T04:17:09Z,mixed,true,false
CRV00335,CRT027,MOV0137,89,A-,Morrowglass Chronicle: a confident documentary achievement,"The direction is assured, the performances are precise, and the final movement earns its emotion.",2017-04-03T22:23:59Z,positive,true,false
CRV00336,CRT027,MOV0149,84,B+,Silver Meridian Reverie: a confident fantasy achievement,"The direction is assured, the performances are precise, and the final movement earns its emotion.",2021-05-12T12:38:03Z,positive,true,false
CRV00337,CRT027,MOV0018,82,B+,Velora Constellation: a confident animation achievement,"The direction is assured, the performances are precise, and the final movement earns its emotion.",2024-01-15T00:09:09Z,positive,true,false
CRV00338,CRT027,MOV0055,76,B,"Nimbria Garden: vivid ideas, uneven rhythm","Several sequences are memorable, but the structure loses momentum before recovering near the end.",2021-09-06T06:52:23Z,mixed,true,false
CRV00339,CRT027,MOV0088,52,D,Lumenward Constellation: ambition without enough focus,"The premise is promising, yet the character logic and pacing never fully support its ambitions.",2013-05-05T22:13:43Z,negative,false,false
CRV00340,CRT027,MOV0096,65,C+,"Ravenspire Paradox: vivid ideas, uneven rhythm","Several sequences are memorable, but the structure loses momentum before recovering near the end.",2012-07-06T11:18:06Z,mixed,false,false
CRV00341,CRT027,MOV0061,62,C,"Orion Vale Archive: vivid ideas, uneven rhythm","Several sequences are memorable, but the structure loses momentum before recovering near the end.",2009-12-28T03:03:48Z,mixed,false,false
CRV00342,CRT027,MOV0042,69,C+,"Solivane Signal: vivid ideas, uneven rhythm","Several sequences are memorable, but the structure loses momentum before recovering near the end.",2015-02-24T13:27:30Z,mixed,false,false
CRV00343,CRT027,MOV0049,77,B,"Solivane Reverie: vivid ideas, uneven rhythm","Several sequences are memorable, but the structure loses momentum before recovering near the end.",2006-10-21T18:51:59Z,mixed,true,false
CRV00344,CRT027,MOV0077,88,A-,Echohaven Chronicle: a confident documentary achievement,"The direction is assured, the performances are precise, and the final movement earns its emotion.",2022-11-10T10:32:59Z,positive,true,false
CRV00345,CRT028,MOV0043,73,B-,"Solivane Voyage: vivid ideas, uneven rhythm","Several sequences are memorable, but the structure loses momentum before recovering near the end.",2003-07-08T19:37:28Z,mixed,true,false
CRV00346,CRT028,MOV0042,72,B-,"Solivane Signal: vivid ideas, uneven rhythm","Several sequences are memorable, but the structure loses momentum before recovering near the end.",2025-10-04T20:17:16Z,mixed,true,false
CRV00347,CRT028,MOV0166,73,B-,"Hollow Prism Paradox: vivid ideas, uneven rhythm","Several sequences are memorable, but the structure loses momentum before recovering near the end.",2008-10-13T12:51:11Z,mixed,true,false
CRV00348,CRT028,MOV0101,55,C-,Tidal Ember Archive: ambition without enough focus,"The premise is promising, yet the character logic and pacing never fully support its ambitions.",2012-02-12T11:37:21Z,negative,false,false
CRV00349,CRT028,MOV0008,75,B,"Asterfall Constellation: vivid ideas, uneven rhythm","Several sequences are memorable, but the structure loses momentum before recovering near the end.",2021-07-03T10:25:54Z,mixed,true,false
CRV00350,CRT028,MOV0021,70,B-,"Moonforge Archive: vivid ideas, uneven rhythm","Several sequences are memorable, but the structure loses momentum before recovering near the end.",2020-09-13T09:40:52Z,mixed,true,false
CRV00351,CRT028,MOV0023,71,B-,"Moonforge Voyage: vivid ideas, uneven rhythm","Several sequences are memorable, but the structure loses momentum before recovering near the end.",2025-05-04T22:09:35Z,mixed,true,false
CRV00352,CRT028,MOV0080,94,A,Echohaven Crossing: a confident horror achievement,"The direction is assured, the performances are precise, and the final movement earns its emotion.",2025-06-06T10:14:31Z,positive,true,false
CRV00353,CRT028,MOV0115,74,B-,"Novafield Garden: vivid ideas, uneven rhythm","Several sequences are memorable, but the structure loses momentum before recovering near the end.",2012-01-28T07:14:55Z,mixed,true,false
CRV00354,CRT028,MOV0129,89,A-,Kestrel Dawn Reverie: a confident fantasy achievement,"The direction is assured, the performances are precise, and the final movement earns its emotion.",2026-07-04T00:14:04Z,positive,true,false
CRV00355,CRT028,MOV0159,84,B+,Amber Circuit Reverie: a confident fantasy achievement,"The direction is assured, the performances are precise, and the final movement earns its emotion.",2004-04-27T03:37:17Z,positive,true,false
CRV00356,CRT028,MOV0099,95,A+,Ravenspire Reverie: a confident fantasy achievement,"The direction is assured, the performances are precise, and the final movement earns its emotion.",2022-10-30T21:52:38Z,positive,true,false
CRV00357,CRT029,MOV0195,81,B+,Crimson Harbor Garden: a confident romance achievement,"The direction is assured, the performances are precise, and the final movement earns its emotion.",2000-03-15T11:21:27Z,positive,true,false
CRV00358,CRT029,MOV0006,82,B+,Asterfall Paradox: a confident action achievement,"The direction is assured, the performances are precise, and the final movement earns its emotion.",2010-02-27T13:08:15Z,positive,true,false
CRV00359,CRT029,MOV0138,89,A-,Morrowglass Constellation: a confident animation achievement,"The direction is assured, the performances are precise, and the final movement earns its emotion.",2014-06-07T09:15:14Z,positive,true,false
CRV00360,CRT029,MOV0013,88,A-,Velora Voyage: a confident thriller achievement,"The direction is assured, the performances are precise, and the final movement earns its emotion.",2016-03-26T12:13:27Z,positive,true,false
CRV00361,CRT029,MOV0123,75,B,"Kestrel Dawn Voyage: vivid ideas, uneven rhythm","Several sequences are memorable, but the structure loses momentum before recovering near the end.",2026-06-29T05:49:01Z,mixed,true,false
CRV00362,CRT029,MOV0080,84,B+,Echohaven Crossing: a confident horror achievement,"The direction is assured, the performances are precise, and the final movement earns its emotion.",2025-05-08T21:22:36Z,positive,true,false
CRV00363,CRT029,MOV0167,90,A,Hollow Prism Chronicle: a confident documentary achievement,"The direction is assured, the performances are precise, and the final movement earns its emotion.",2010-01-12T03:47:10Z,positive,true,false
CRV00364,CRT029,MOV0173,77,B,"Winter Atlas Voyage: vivid ideas, uneven rhythm","Several sequences are memorable, but the structure loses momentum before recovering near the end.",2022-07-29T23:25:18Z,mixed,true,false
CRV00365,CRT029,MOV0043,81,B+,Solivane Voyage: a confident thriller achievement,"The direction is assured, the performances are precise, and the final movement earns its emotion.",2013-06-04T02:20:52Z,positive,true,false
CRV00366,CRT029,MOV0161,80,B+,Hollow Prism Archive: a confident drama achievement,"The direction is assured, the performances are precise, and the final movement earns its emotion.",2022-12-31T07:37:35Z,positive,true,false
CRV00367,CRT029,MOV0016,61,C,"Velora Paradox: vivid ideas, uneven rhythm","Several sequences are memorable, but the structure loses momentum before recovering near the end.",2016-09-14T21:50:49Z,mixed,false,false
CRV00368,CRT029,MOV0108,68,C+,"Tidal Ember Constellation: vivid ideas, uneven rhythm","Several sequences are memorable, but the structure loses momentum before recovering near the end.",2026-06-19T02:08:03Z,mixed,false,false
CRV00369,CRT030,MOV0186,68,C+,"Jade Frequency Paradox: vivid ideas, uneven rhythm","Several sequences are memorable, but the structure loses momentum before recovering near the end.",2014-01-10T09:44:44Z,mixed,false,false
CRV00370,CRT030,MOV0009,83,B+,Asterfall Reverie: a confident fantasy achievement,"The direction is assured, the performances are precise, and the final movement earns its emotion.",2025-05-02T00:08:13Z,positive,true,false
CRV00371,CRT030,MOV0168,69,C+,"Hollow Prism Constellation: vivid ideas, uneven rhythm","Several sequences are memorable, but the structure loses momentum before recovering near the end.",2023-11-12T12:30:16Z,mixed,false,false
CRV00372,CRT030,MOV0021,51,D,Moonforge Archive: ambition without enough focus,"The premise is promising, yet the character logic and pacing never fully support its ambitions.",2010-11-24T17:11:07Z,negative,false,false
CRV00373,CRT030,MOV0050,65,C+,"Solivane Crossing: vivid ideas, uneven rhythm","Several sequences are memorable, but the structure loses momentum before recovering near the end.",2026-01-17T04:24:37Z,mixed,false,false
CRV00374,CRT030,MOV0033,68,C+,"Cinderwake Voyage: vivid ideas, uneven rhythm","Several sequences are memorable, but the structure loses momentum before recovering near the end.",2018-05-13T16:12:59Z,mixed,false,false
CRV00375,CRT030,MOV0138,94,A,Morrowglass Constellation: a confident animation achievement,"The direction is assured, the performances are precise, and the final movement earns its emotion.",2025-06-30T19:45:26Z,positive,true,false
CRV00376,CRT030,MOV0078,62,C,"Echohaven Constellation: vivid ideas, uneven rhythm","Several sequences are memorable, but the structure loses momentum before recovering near the end.",2014-07-14T20:28:26Z,mixed,false,false
CRV00377,CRT030,MOV0147,70,B-,"Silver Meridian Chronicle: vivid ideas, uneven rhythm","Several sequences are memorable, but the structure loses momentum before recovering near the end.",2020-09-14T18:14:37Z,mixed,true,false
CRV00378,CRT030,MOV0087,80,B+,Lumenward Chronicle: a confident documentary achievement,"The direction is assured, the performances are precise, and the final movement earns its emotion.",2025-01-13T01:11:27Z,positive,true,false
CRV00379,CRT030,MOV0016,55,C-,Velora Paradox: ambition without enough focus,"The premise is promising, yet the character logic and pacing never fully support its ambitions.",2014-08-29T10:08:36Z,negative,false,false
CRV00380,CRT030,MOV0047,66,C+,"Solivane Chronicle: vivid ideas, uneven rhythm","Several sequences are memorable, but the structure loses momentum before recovering near the end.",2012-07-24T23:35:36Z,mixed,false,false
CRV00381,CRT031,MOV0019,73,B-,"Velora Reverie: vivid ideas, uneven rhythm","Several sequences are memorable, but the structure loses momentum before recovering near the end.",2009-11-10T10:54:11Z,mixed,true,false
CRV00382,CRT031,MOV0048,66,C+,"Solivane Constellation: vivid ideas, uneven rhythm","Several sequences are memorable, but the structure loses momentum before recovering near the end.",2016-01-21T22:20:14Z,mixed,false,false
CRV00383,CRT031,MOV0156,67,C+,"Amber Circuit Paradox: vivid ideas, uneven rhythm","Several sequences are memorable, but the structure loses momentum before recovering near the end.",2024-04-07T00:07:41Z,mixed,false,false
CRV00384,CRT031,MOV0089,77,B,"Lumenward Reverie: vivid ideas, uneven rhythm","Several sequences are memorable, but the structure loses momentum before recovering near the end.",2010-04-15T13:38:36Z,mixed,true,false
CRV00385,CRT031,MOV0165,55,C-,Hollow Prism Garden: ambition without enough focus,"The premise is promising, yet the character logic and pacing never fully support its ambitions.",2026-03-10T18:33:20Z,negative,false,false
CRV00386,CRT031,MOV0131,78,B,"Morrowglass Archive: vivid ideas, uneven rhythm","Several sequences are memorable, but the structure loses momentum before recovering near the end.",2020-07-04T16:26:29Z,mixed,true,false
CRV00387,CRT031,MOV0198,55,C-,Crimson Harbor Constellation: ambition without enough focus,"The premise is promising, yet the character logic and pacing never fully support its ambitions.",2020-04-27T18:51:59Z,negative,false,false
CRV00388,CRT031,MOV0197,75,B,"Crimson Harbor Chronicle: vivid ideas, uneven rhythm","Several sequences are memorable, but the structure loses momentum before recovering near the end.",2020-04-07T15:40:26Z,mixed,true,false
CRV00389,CRT031,MOV0021,60,C,"Moonforge Archive: vivid ideas, uneven rhythm","Several sequences are memorable, but the structure loses momentum before recovering near the end.",2009-09-25T01:23:45Z,mixed,false,false
CRV00390,CRT031,MOV0174,88,A-,Winter Atlas Protocol: a confident science fiction achievement,"The direction is assured, the performances are precise, and the final movement earns its emotion.",2014-02-04T01:26:04Z,positive,true,false
CRV00391,CRT031,MOV0106,58,C-,Tidal Ember Paradox: ambition without enough focus,"The premise is promising, yet the character logic and pacing never fully support its ambitions.",2018-07-06T12:58:21Z,negative,false,false
CRV00392,CRT031,MOV0102,78,B,"Tidal Ember Signal: vivid ideas, uneven rhythm","Several sequences are memorable, but the structure loses momentum before recovering near the end.",2021-05-11T17:56:12Z,mixed,true,false
CRV00393,CRT032,MOV0057,76,B,"Nimbria Chronicle: vivid ideas, uneven rhythm","Several sequences are memorable, but the structure loses momentum before recovering near the end.",2020-03-17T08:53:55Z,mixed,true,false
CRV00394,CRT032,MOV0024,78,B,"Moonforge Protocol: vivid ideas, uneven rhythm","Several sequences are memorable, but the structure loses momentum before recovering near the end.",2011-05-01T09:53:26Z,mixed,true,false
CRV00395,CRT032,MOV0133,72,B-,"Morrowglass Voyage: vivid ideas, uneven rhythm","Several sequences are memorable, but the structure loses momentum before recovering near the end.",2023-02-26T01:00:09Z,mixed,true,false
CRV00396,CRT032,MOV0155,91,A,Amber Circuit Garden: a confident romance achievement,"The direction is assured, the performances are precise, and the final movement earns its emotion.",2023-10-19T03:32:35Z,positive,true,false
CRV00397,CRT032,MOV0060,62,C,"Nimbria Crossing: vivid ideas, uneven rhythm","Several sequences are memorable, but the structure loses momentum before recovering near the end.",2023-09-28T21:00:12Z,mixed,false,false
CRV00398,CRT032,MOV0128,68,C+,"Kestrel Dawn Constellation: vivid ideas, uneven rhythm","Several sequences are memorable, but the structure loses momentum before recovering near the end.",2024-09-05T15:09:53Z,mixed,false,false
CRV00399,CRT032,MOV0097,97,A+,Ravenspire Chronicle: a confident documentary achievement,"The direction is assured, the performances are precise, and the final movement earns its emotion.",2026-03-28T06:42:51Z,positive,true,false
CRV00400,CRT032,MOV0031,87,A-,Cinderwake Archive: a confident drama achievement,"The direction is assured, the performances are precise, and the final movement earns its emotion.",2014-10-14T06:18:43Z,positive,true,false
CRV00401,CRT032,MOV0181,68,C+,"Jade Frequency Archive: vivid ideas, uneven rhythm","Several sequences are memorable, but the structure loses momentum before recovering near the end.",2023-07-31T22:45:26Z,mixed,false,false
CRV00402,CRT032,MOV0090,78,B,"Lumenward Crossing: vivid ideas, uneven rhythm","Several sequences are memorable, but the structure loses momentum before recovering near the end.",2018-10-05T04:41:54Z,mixed,true,false
CRV00403,CRT032,MOV0193,68,C+,"Crimson Harbor Voyage: vivid ideas, uneven rhythm","Several sequences are memorable, but the structure loses momentum before recovering near the end.",2007-06-30T19:19:32Z,mixed,false,false
CRV00404,CRT032,MOV0161,91,A,Hollow Prism Archive: a confident drama achievement,"The direction is assured, the performances are precise, and the final movement earns its emotion.",2020-06-24T08:54:44Z,positive,true,false
CRV00405,CRT033,MOV0120,52,D,Novafield Crossing: ambition without enough focus,"The premise is promising, yet the character logic and pacing never fully support its ambitions.",2022-03-13T10:41:22Z,negative,false,false
CRV00406,CRT033,MOV0107,74,B-,"Tidal Ember Chronicle: vivid ideas, uneven rhythm","Several sequences are memorable, but the structure loses momentum before recovering near the end.",2014-03-14T07:46:43Z,mixed,true,false
CRV00407,CRT033,MOV0053,90,A,Nimbria Voyage: a confident thriller achievement,"The direction is assured, the performances are precise, and the final movement earns its emotion.",2019-06-17T13:18:17Z,positive,true,false
CRV00408,CRT033,MOV0194,72,B-,"Crimson Harbor Protocol: vivid ideas, uneven rhythm","Several sequences are memorable, but the structure loses momentum before recovering near the end.",2022-04-12T20:12:12Z,mixed,true,false
CRV00409,CRT033,MOV0141,69,C+,"Silver Meridian Archive: vivid ideas, uneven rhythm","Several sequences are memorable, but the structure loses momentum before recovering near the end.",2023-08-09T20:02:49Z,mixed,false,false
CRV00410,CRT033,MOV0048,70,B-,"Solivane Constellation: vivid ideas, uneven rhythm","Several sequences are memorable, but the structure loses momentum before recovering near the end.",2023-12-14T15:15:06Z,mixed,true,false
CRV00411,CRT033,MOV0051,53,D,Nimbria Archive: ambition without enough focus,"The premise is promising, yet the character logic and pacing never fully support its ambitions.",2018-11-14T04:47:07Z,negative,false,false
CRV00412,CRT033,MOV0176,76,B,"Winter Atlas Paradox: vivid ideas, uneven rhythm","Several sequences are memorable, but the structure loses momentum before recovering near the end.",2026-04-20T10:56:29Z,mixed,true,false
CRV00413,CRT033,MOV0177,54,D,Winter Atlas Chronicle: ambition without enough focus,"The premise is promising, yet the character logic and pacing never fully support its ambitions.",2021-04-22T05:58:14Z,negative,false,false
CRV00414,CRT033,MOV0175,81,B+,Winter Atlas Garden: a confident romance achievement,"The direction is assured, the performances are precise, and the final movement earns its emotion.",2018-04-23T05:40:43Z,positive,true,false
CRV00415,CRT033,MOV0063,63,C,"Orion Vale Voyage: vivid ideas, uneven rhythm","Several sequences are memorable, but the structure loses momentum before recovering near the end.",2000-06-09T13:00:31Z,mixed,false,false
CRV00416,CRT033,MOV0066,67,C+,"Orion Vale Paradox: vivid ideas, uneven rhythm","Several sequences are memorable, but the structure loses momentum before recovering near the end.",2014-07-08T10:06:01Z,mixed,false,false
CRV00417,CRT034,MOV0168,63,C,"Hollow Prism Constellation: vivid ideas, uneven rhythm","Several sequences are memorable, but the structure loses momentum before recovering near the end.",2006-03-14T23:29:28Z,mixed,false,false
CRV00418,CRT034,MOV0016,69,C+,"Velora Paradox: vivid ideas, uneven rhythm","Several sequences are memorable, but the structure loses momentum before recovering near the end.",2026-06-24T01:36:23Z,mixed,false,false
CRV00419,CRT034,MOV0103,67,C+,"Tidal Ember Voyage: vivid ideas, uneven rhythm","Several sequences are memorable, but the structure loses momentum before recovering near the end.",2016-09-02T07:41:15Z,mixed,false,false
CRV00420,CRT034,MOV0030,55,C-,Moonforge Crossing: ambition without enough focus,"The premise is promising, yet the character logic and pacing never fully support its ambitions.",2012-07-03T12:38:52Z,negative,false,false
CRV00421,CRT034,MOV0129,75,B,"Kestrel Dawn Reverie: vivid ideas, uneven rhythm","Several sequences are memorable, but the structure loses momentum before recovering near the end.",2016-01-29T12:44:30Z,mixed,true,false
CRV00422,CRT034,MOV0055,69,C+,"Nimbria Garden: vivid ideas, uneven rhythm","Several sequences are memorable, but the structure loses momentum before recovering near the end.",2023-10-18T15:58:01Z,mixed,false,false
CRV00423,CRT034,MOV0115,69,C+,"Novafield Garden: vivid ideas, uneven rhythm","Several sequences are memorable, but the structure loses momentum before recovering near the end.",2006-11-06T08:41:46Z,mixed,false,false
CRV00424,CRT034,MOV0077,82,B+,Echohaven Chronicle: a confident documentary achievement,"The direction is assured, the performances are precise, and the final movement earns its emotion.",2026-03-07T12:03:42Z,positive,true,false
CRV00425,CRT034,MOV0046,78,B,"Solivane Paradox: vivid ideas, uneven rhythm","Several sequences are memorable, but the structure loses momentum before recovering near the end.",2024-12-16T05:20:07Z,mixed,true,false
CRV00426,CRT034,MOV0175,77,B,"Winter Atlas Garden: vivid ideas, uneven rhythm","Several sequences are memorable, but the structure loses momentum before recovering near the end.",2020-12-08T15:39:01Z,mixed,true,false
CRV00427,CRT034,MOV0021,57,C-,Moonforge Archive: ambition without enough focus,"The premise is promising, yet the character logic and pacing never fully support its ambitions.",1997-12-24T10:01:40Z,negative,false,false
CRV00428,CRT034,MOV0012,62,C,"Velora Signal: vivid ideas, uneven rhythm","Several sequences are memorable, but the structure loses momentum before recovering near the end.",2024-09-26T03:11:21Z,mixed,false,false
CRV00429,CRT035,MOV0144,58,C-,Silver Meridian Protocol: ambition without enough focus,"The premise is promising, yet the character logic and pacing never fully support its ambitions.",2020-11-26T06:36:26Z,negative,false,false
CRV00430,CRT035,MOV0052,75,B,"Nimbria Signal: vivid ideas, uneven rhythm","Several sequences are memorable, but the structure loses momentum before recovering near the end.",2007-09-30T08:18:31Z,mixed,true,false
CRV00431,CRT035,MOV0156,84,B+,Amber Circuit Paradox: a confident action achievement,"The direction is assured, the performances are precise, and the final movement earns its emotion.",2024-10-02T18:02:48Z,positive,true,false
CRV00432,CRT035,MOV0031,74,B-,"Cinderwake Archive: vivid ideas, uneven rhythm","Several sequences are memorable, but the structure loses momentum before recovering near the end.",2017-12-09T09:24:41Z,mixed,true,false
CRV00433,CRT035,MOV0007,67,C+,"Asterfall Chronicle: vivid ideas, uneven rhythm","Several sequences are memorable, but the structure loses momentum before recovering near the end.",2019-02-19T22:10:21Z,mixed,false,false
CRV00434,CRT035,MOV0061,59,C-,Orion Vale Archive: ambition without enough focus,"The premise is promising, yet the character logic and pacing never fully support its ambitions.",2019-07-18T14:21:46Z,negative,false,false
CRV00435,CRT035,MOV0114,84,B+,Novafield Protocol: a confident science fiction achievement,"The direction is assured, the performances are precise, and the final movement earns its emotion.",2022-12-16T02:36:02Z,positive,true,false
CRV00436,CRT035,MOV0124,64,C,"Kestrel Dawn Protocol: vivid ideas, uneven rhythm","Several sequences are memorable, but the structure loses momentum before recovering near the end.",2015-02-09T08:57:15Z,mixed,false,false
CRV00437,CRT035,MOV0065,51,D,Orion Vale Garden: ambition without enough focus,"The premise is promising, yet the character logic and pacing never fully support its ambitions.",2012-10-12T02:35:29Z,negative,false,false
CRV00438,CRT035,MOV0009,87,A-,Asterfall Reverie: a confident fantasy achievement,"The direction is assured, the performances are precise, and the final movement earns its emotion.",2026-02-07T23:39:13Z,positive,true,false
CRV00439,CRT035,MOV0080,98,A+,Echohaven Crossing: a confident horror achievement,"The direction is assured, the performances are precise, and the final movement earns its emotion.",2024-01-31T19:52:24Z,positive,true,false
CRV00440,CRT035,MOV0111,57,C-,Novafield Archive: ambition without enough focus,"The premise is promising, yet the character logic and pacing never fully support its ambitions.",1997-05-31T05:37:53Z,negative,false,false
CRV00441,CRT036,MOV0052,69,C+,"Nimbria Signal: vivid ideas, uneven rhythm","Several sequences are memorable, but the structure loses momentum before recovering near the end.",2024-11-13T16:10:57Z,mixed,false,false
CRV00442,CRT036,MOV0187,81,B+,Jade Frequency Chronicle: a confident documentary achievement,"The direction is assured, the performances are precise, and the final movement earns its emotion.",2012-01-22T08:50:21Z,positive,true,false
CRV00443,CRT036,MOV0172,69,C+,"Winter Atlas Signal: vivid ideas, uneven rhythm","Several sequences are memorable, but the structure loses momentum before recovering near the end.",2017-07-24T21:32:44Z,mixed,false,false
CRV00444,CRT036,MOV0192,72,B-,"Crimson Harbor Signal: vivid ideas, uneven rhythm","Several sequences are memorable, but the structure loses momentum before recovering near the end.",2021-03-23T05:02:55Z,mixed,true,false
CRV00445,CRT036,MOV0079,87,A-,Echohaven Reverie: a confident fantasy achievement,"The direction is assured, the performances are precise, and the final movement earns its emotion.",2014-07-17T23:12:43Z,positive,true,false
CRV00446,CRT036,MOV0184,62,C,"Jade Frequency Protocol: vivid ideas, uneven rhythm","Several sequences are memorable, but the structure loses momentum before recovering near the end.",2021-12-19T14:57:17Z,mixed,false,false
CRV00447,CRT036,MOV0108,70,B-,"Tidal Ember Constellation: vivid ideas, uneven rhythm","Several sequences are memorable, but the structure loses momentum before recovering near the end.",2026-03-22T11:48:31Z,mixed,true,false
CRV00448,CRT036,MOV0001,94,A,Asterfall Archive: a confident drama achievement,"The direction is assured, the performances are precise, and the final movement earns its emotion.",2018-05-24T01:47:17Z,positive,true,false
CRV00449,CRT036,MOV0142,70,B-,"Silver Meridian Signal: vivid ideas, uneven rhythm","Several sequences are memorable, but the structure loses momentum before recovering near the end.",2022-06-20T23:07:35Z,mixed,true,false
CRV00450,CRT036,MOV0091,74,B-,"Ravenspire Archive: vivid ideas, uneven rhythm","Several sequences are memorable, but the structure loses momentum before recovering near the end.",2025-05-05T17:12:02Z,mixed,true,false
CRV00451,CRT036,MOV0162,69,C+,"Hollow Prism Signal: vivid ideas, uneven rhythm","Several sequences are memorable, but the structure loses momentum before recovering near the end.",2025-02-23T15:20:21Z,mixed,false,false
CRV00452,CRT036,MOV0060,69,C+,"Nimbria Crossing: vivid ideas, uneven rhythm","Several sequences are memorable, but the structure loses momentum before recovering near the end.",2022-02-15T12:56:58Z,mixed,false,false
CRV00453,CRT037,MOV0047,62,C,"Solivane Chronicle: vivid ideas, uneven rhythm","Several sequences are memorable, but the structure loses momentum before recovering near the end.",2008-04-02T04:55:23Z,mixed,false,false
CRV00454,CRT037,MOV0168,64,C,"Hollow Prism Constellation: vivid ideas, uneven rhythm","Several sequences are memorable, but the structure loses momentum before recovering near the end.",2009-04-28T13:17:21Z,mixed,false,false
CRV00455,CRT037,MOV0079,98,A+,Echohaven Reverie: a confident fantasy achievement,"The direction is assured, the performances are precise, and the final movement earns its emotion.",2017-11-20T03:06:01Z,positive,true,false
CRV00456,CRT037,MOV0070,59,C-,Orion Vale Crossing: ambition without enough focus,"The premise is promising, yet the character logic and pacing never fully support its ambitions.",2023-06-12T06:58:37Z,negative,false,false
CRV00457,CRT037,MOV0178,68,C+,"Winter Atlas Constellation: vivid ideas, uneven rhythm","Several sequences are memorable, but the structure loses momentum before recovering near the end.",1999-08-03T17:08:17Z,mixed,false,false
CRV00458,CRT037,MOV0104,85,A-,Tidal Ember Protocol: a confident science fiction achievement,"The direction is assured, the performances are precise, and the final movement earns its emotion.",2026-03-03T06:53:00Z,positive,true,false
CRV00459,CRT037,MOV0032,66,C+,"Cinderwake Signal: vivid ideas, uneven rhythm","Several sequences are memorable, but the structure loses momentum before recovering near the end.",2019-11-26T00:39:17Z,mixed,false,false
CRV00460,CRT037,MOV0149,78,B,"Silver Meridian Reverie: vivid ideas, uneven rhythm","Several sequences are memorable, but the structure loses momentum before recovering near the end.",2019-07-03T00:35:08Z,mixed,true,false
CRV00461,CRT037,MOV0141,76,B,"Silver Meridian Archive: vivid ideas, uneven rhythm","Several sequences are memorable, but the structure loses momentum before recovering near the end.",2024-05-12T05:14:33Z,mixed,true,false
CRV00462,CRT037,MOV0115,69,C+,"Novafield Garden: vivid ideas, uneven rhythm","Several sequences are memorable, but the structure loses momentum before recovering near the end.",2012-06-16T01:20:16Z,mixed,false,false
CRV00463,CRT037,MOV0100,74,B-,"Ravenspire Crossing: vivid ideas, uneven rhythm","Several sequences are memorable, but the structure loses momentum before recovering near the end.",2016-03-20T22:10:00Z,mixed,true,false
CRV00464,CRT037,MOV0014,80,B+,Velora Protocol: a confident science fiction achievement,"The direction is assured, the performances are precise, and the final movement earns its emotion.",2012-10-30T02:22:11Z,positive,true,false
CRV00465,CRT038,MOV0158,90,A,Amber Circuit Constellation: a confident animation achievement,"The direction is assured, the performances are precise, and the final movement earns its emotion.",1999-06-22T06:41:36Z,positive,true,false
CRV00466,CRT038,MOV0013,83,B+,Velora Voyage: a confident thriller achievement,"The direction is assured, the performances are precise, and the final movement earns its emotion.",2018-05-26T21:52:56Z,positive,true,false
CRV00467,CRT038,MOV0030,58,C-,Moonforge Crossing: ambition without enough focus,"The premise is promising, yet the character logic and pacing never fully support its ambitions.",2020-01-27T22:11:54Z,negative,false,false
CRV00468,CRT038,MOV0155,82,B+,Amber Circuit Garden: a confident romance achievement,"The direction is assured, the performances are precise, and the final movement earns its emotion.",2012-11-27T12:53:26Z,positive,true,false
CRV00469,CRT038,MOV0105,67,C+,"Tidal Ember Garden: vivid ideas, uneven rhythm","Several sequences are memorable, but the structure loses momentum before recovering near the end.",2008-07-16T19:26:32Z,mixed,false,false
CRV00470,CRT038,MOV0053,84,B+,Nimbria Voyage: a confident thriller achievement,"The direction is assured, the performances are precise, and the final movement earns its emotion.",2010-11-10T16:03:07Z,positive,true,false
CRV00471,CRT038,MOV0050,53,D,Solivane Crossing: ambition without enough focus,"The premise is promising, yet the character logic and pacing never fully support its ambitions.",2025-12-02T07:47:11Z,negative,false,false
CRV00472,CRT038,MOV0077,69,C+,"Echohaven Chronicle: vivid ideas, uneven rhythm","Several sequences are memorable, but the structure loses momentum before recovering near the end.",2021-11-06T21:53:51Z,mixed,false,false
CRV00473,CRT038,MOV0040,78,B,"Cinderwake Crossing: vivid ideas, uneven rhythm","Several sequences are memorable, but the structure loses momentum before recovering near the end.",2017-03-15T14:46:10Z,mixed,true,false
CRV00474,CRT038,MOV0039,55,C-,Cinderwake Reverie: ambition without enough focus,"The premise is promising, yet the character logic and pacing never fully support its ambitions.",2026-04-07T22:49:29Z,negative,false,false
CRV00475,CRT038,MOV0067,72,B-,"Orion Vale Chronicle: vivid ideas, uneven rhythm","Several sequences are memorable, but the structure loses momentum before recovering near the end.",2020-09-22T05:50:30Z,mixed,true,false
CRV00476,CRT038,MOV0121,69,C+,"Kestrel Dawn Archive: vivid ideas, uneven rhythm","Several sequences are memorable, but the structure loses momentum before recovering near the end.",2026-05-05T22:28:08Z,mixed,false,false
CRV00477,CRT039,MOV0017,69,C+,"Velora Chronicle: vivid ideas, uneven rhythm","Several sequences are memorable, but the structure loses momentum before recovering near the end.",2020-12-03T17:42:20Z,mixed,false,false
CRV00478,CRT039,MOV0099,93,A,Ravenspire Reverie: a confident fantasy achievement,"The direction is assured, the performances are precise, and the final movement earns its emotion.",2022-08-20T05:27:10Z,positive,true,false
CRV00479,CRT039,MOV0031,76,B,"Cinderwake Archive: vivid ideas, uneven rhythm","Several sequences are memorable, but the structure loses momentum before recovering near the end.",2024-10-13T08:03:36Z,mixed,true,false
CRV00480,CRT039,MOV0060,62,C,"Nimbria Crossing: vivid ideas, uneven rhythm","Several sequences are memorable, but the structure loses momentum before recovering near the end.",2024-05-16T11:18:51Z,mixed,false,false
CRV00481,CRT039,MOV0094,61,C,"Ravenspire Protocol: vivid ideas, uneven rhythm","Several sequences are memorable, but the structure loses momentum before recovering near the end.",2012-07-02T16:12:03Z,mixed,false,false
CRV00482,CRT039,MOV0193,63,C,"Crimson Harbor Voyage: vivid ideas, uneven rhythm","Several sequences are memorable, but the structure loses momentum before recovering near the end.",2005-11-13T04:08:22Z,mixed,false,false
CRV00483,CRT039,MOV0039,45,D,Cinderwake Reverie: ambition without enough focus,"The premise is promising, yet the character logic and pacing never fully support its ambitions.",2017-09-26T14:54:01Z,negative,false,false
CRV00484,CRT039,MOV0098,83,B+,Ravenspire Constellation: a confident animation achievement,"The direction is assured, the performances are precise, and the final movement earns its emotion.",2025-11-03T19:12:39Z,positive,true,false
CRV00485,CRT039,MOV0084,98,A+,Lumenward Protocol: a confident science fiction achievement,"The direction is assured, the performances are precise, and the final movement earns its emotion.",2024-06-14T08:21:22Z,positive,true,false
CRV00486,CRT039,MOV0095,81,B+,Ravenspire Garden: a confident romance achievement,"The direction is assured, the performances are precise, and the final movement earns its emotion.",2003-11-08T18:20:47Z,positive,true,false
CRV00487,CRT039,MOV0192,73,B-,"Crimson Harbor Signal: vivid ideas, uneven rhythm","Several sequences are memorable, but the structure loses momentum before recovering near the end.",2023-07-25T16:36:48Z,mixed,true,false
CRV00488,CRT039,MOV0128,58,C-,Kestrel Dawn Constellation: ambition without enough focus,"The premise is promising, yet the character logic and pacing never fully support its ambitions.",2024-06-24T17:52:15Z,negative,false,false
CRV00489,CRT040,MOV0101,48,D,Tidal Ember Archive: ambition without enough focus,"The premise is promising, yet the character logic and pacing never fully support its ambitions.",2007-01-21T12:50:38Z,negative,false,false
CRV00490,CRT040,MOV0160,67,C+,"Amber Circuit Crossing: vivid ideas, uneven rhythm","Several sequences are memorable, but the structure loses momentum before recovering near the end.",2024-12-30T00:20:07Z,mixed,false,false
CRV00491,CRT040,MOV0032,78,B,"Cinderwake Signal: vivid ideas, uneven rhythm","Several sequences are memorable, but the structure loses momentum before recovering near the end.",2021-07-22T07:50:42Z,mixed,true,false
CRV00492,CRT040,MOV0128,63,C,"Kestrel Dawn Constellation: vivid ideas, uneven rhythm","Several sequences are memorable, but the structure loses momentum before recovering near the end.",2019-07-13T17:57:17Z,mixed,false,false
CRV00493,CRT040,MOV0157,84,B+,Amber Circuit Chronicle: a confident documentary achievement,"The direction is assured, the performances are precise, and the final movement earns its emotion.",2002-03-12T21:40:48Z,positive,true,false
CRV00494,CRT040,MOV0057,85,A-,Nimbria Chronicle: a confident documentary achievement,"The direction is assured, the performances are precise, and the final movement earns its emotion.",2025-04-29T23:09:18Z,positive,true,false
CRV00495,CRT040,MOV0099,88,A-,Ravenspire Reverie: a confident fantasy achievement,"The direction is assured, the performances are precise, and the final movement earns its emotion.",2024-05-11T19:22:02Z,positive,true,false
CRV00496,CRT040,MOV0148,90,A,Silver Meridian Constellation: a confident animation achievement,"The direction is assured, the performances are precise, and the final movement earns its emotion.",2015-12-03T09:00:24Z,positive,true,false
CRV00497,CRT040,MOV0130,72,B-,"Kestrel Dawn Crossing: vivid ideas, uneven rhythm","Several sequences are memorable, but the structure loses momentum before recovering near the end.",2017-01-02T16:45:49Z,mixed,true,false
CRV00498,CRT040,MOV0022,66,C+,"Moonforge Signal: vivid ideas, uneven rhythm","Several sequences are memorable, but the structure loses momentum before recovering near the end.",1995-11-30T16:00:00Z,mixed,false,false
CRV00499,CRT040,MOV0189,88,A-,Jade Frequency Reverie: a confident fantasy achievement,"The direction is assured, the performances are precise, and the final movement earns its emotion.",2021-10-04T22:43:26Z,positive,true,false
CRV00500,CRT040,MOV0027,85,A-,Moonforge Chronicle: a confident documentary achievement,"The direction is assured, the performances are precise, and the final movement earns its emotion.",2015-05-02T22:20:21Z,positive,true,false
