review_id,user_id,movie_id,source_viewing_id,rating,review_title,review_text,reviewed_at,sentiment_label,contains_spoiler,helpful_votes,review_language
URV000001,USR0001,MOV0035,VEW000001,4.5,다시 보고 싶은 “잿빛 파도: 정원”,몰입감이 좋고 마지막 장면의 여운이 길었다.,2026-04-18T02:26:16Z,positive,false,80,ko
URV000002,USR0001,MOV0180,VEW000002,4,다시 보고 싶은 “겨울 지도: 교차점”,배우들의 호흡과 음악이 잘 어우러져 다시 보고 싶다.,2026-02-14T00:16:02Z,positive,false,213,en
URV000003,USR0001,MOV0100,VEW000003,3,장단점이 뚜렷한 Horror,흥미로운 설정이지만 중반 전개는 조금 느리게 느껴졌다.,2025-01-22T17:34:14Z,neutral,false,189,ko
URV000004,USR0001,MOV0101,VEW000004,1.5,아쉬움이 남은 파도의 불씨: 기록,기대했던 긴장감이 부족해 집중하기 어려웠다.,2023-11-17T15:54:56Z,negative,false,228,ko
URV000005,USR0002,MOV0128,VEW000013,2.5,장단점이 뚜렷한 Animation,영상은 인상적이었지만 이야기의 밀도는 평범했다.,2026-02-06T00:26:30Z,neutral,false,349,ko
URV000006,USR0002,MOV0170,VEW000014,1,아쉬움이 남은 빈 프리즘: 교차점,기대했던 긴장감이 부족해 집중하기 어려웠다.,2026-03-21T02:11:14Z,negative,false,64,fr
URV000007,USR0002,MOV0191,VEW000015,1.5,아쉬움이 남은 진홍 항구: 기록,아이디어는 좋았지만 인물의 선택이 충분히 설득력 있지 않았다.,2025-12-25T15:13:06Z,negative,false,341,ko
URV000008,USR0002,MOV0079,VEW000016,4,다시 보고 싶은 “메아리 항구: 몽상”,배우들의 호흡과 음악이 잘 어우러져 다시 보고 싶다.,2026-02-01T17:05:28Z,positive,false,155,ko
URV000009,USR0003,MOV0094,VEW000025,2.5,장단점이 뚜렷한 Science Fiction,영상은 인상적이었지만 이야기의 밀도는 평범했다.,2025-05-07T19:13:31Z,neutral,false,31,en
URV000010,USR0003,MOV0003,VEW000026,2.5,장단점이 뚜렷한 Thriller,흥미로운 설정이지만 중반 전개는 조금 느리게 느껴졌다.,2026-03-30T10:36:53Z,neutral,false,303,ko
URV000011,USR0003,MOV0161,VEW000027,3,장단점이 뚜렷한 Drama,흥미로운 설정이지만 중반 전개는 조금 느리게 느껴졌다.,2025-07-11T00:30:36Z,neutral,false,209,ko
URV000012,USR0003,MOV0099,VEW000028,4.5,다시 보고 싶은 “까마귀 첨탑: 몽상”,"예상보다 섬세하고 따뜻했다, 친구에게 추천하고 싶다.",2025-06-14T02:39:07Z,positive,false,217,ko
URV000013,USR0004,MOV0186,VEW000037,2.5,장단점이 뚜렷한 Action,영상은 인상적이었지만 이야기의 밀도는 평범했다.,2026-07-14T18:19:17Z,neutral,true,264,ko
URV000014,USR0004,MOV0064,VEW000038,2.5,장단점이 뚜렷한 Science Fiction,흥미로운 설정이지만 중반 전개는 조금 느리게 느껴졌다.,2026-05-10T04:25:34Z,neutral,false,104,ko
URV000015,USR0004,MOV0095,VEW000039,2.5,장단점이 뚜렷한 Romance,영상은 인상적이었지만 이야기의 밀도는 평범했다.,2026-07-21T15:03:00Z,neutral,false,266,ko
URV000016,USR0004,MOV0138,VEW000040,3.5,장단점이 뚜렷한 Animation,흥미로운 설정이지만 중반 전개는 조금 느리게 느껴졌다.,2026-04-21T14:06:15Z,neutral,false,349,ko
URV000017,USR0005,MOV0004,VEW000049,2.5,장단점이 뚜렷한 Science Fiction,장점과 단점이 분명했다. 한 번쯤 볼 만한 작품이다.,2025-06-04T06:37:09Z,neutral,false,119,ko
URV000018,USR0005,MOV0097,VEW000050,4,다시 보고 싶은 “까마귀 첨탑: 연대기”,"예상보다 섬세하고 따뜻했다, 친구에게 추천하고 싶다.",2026-02-20T04:35:11Z,positive,false,299,ko
URV000019,USR0005,MOV0189,VEW000051,3.5,장단점이 뚜렷한 Fantasy,장점과 단점이 분명했다. 한 번쯤 볼 만한 작품이다.,2026-07-12T21:05:45Z,neutral,false,35,de
URV000020,USR0005,MOV0194,VEW000052,3.5,장단점이 뚜렷한 Science Fiction,영상은 인상적이었지만 이야기의 밀도는 평범했다.,2026-05-03T08:29:57Z,neutral,false,102,ko
URV000021,USR0006,MOV0090,VEW000061,1.5,아쉬움이 남은 빛의 수호자: 교차점,아이디어는 좋았지만 인물의 선택이 충분히 설득력 있지 않았다.,2026-07-15T06:09:53Z,negative,false,334,ko
URV000022,USR0006,MOV0079,VEW000062,4,다시 보고 싶은 “메아리 항구: 몽상”,몰입감이 좋고 마지막 장면의 여운이 길었다.,2025-12-03T21:16:55Z,positive,false,297,ko
URV000023,USR0006,MOV0018,VEW000063,4,다시 보고 싶은 “푸른 궤도: 별자리”,"예상보다 섬세하고 따뜻했다, 친구에게 추천하고 싶다.",2024-11-03T17:27:15Z,positive,false,302,ko
URV000024,USR0006,MOV0161,VEW000064,2.5,장단점이 뚜렷한 Drama,장점과 단점이 분명했다. 한 번쯤 볼 만한 작품이다.,2024-02-20T08:49:31Z,neutral,false,317,ko
URV000025,USR0007,MOV0020,VEW000073,1,아쉬움이 남은 푸른 궤도: 교차점,전개가 반복적이고 결말이 급하게 마무리된 느낌이다.,2025-09-26T03:57:07Z,negative,false,241,ko
URV000026,USR0007,MOV0011,VEW000074,2,아쉬움이 남은 푸른 궤도: 기록,기대했던 긴장감이 부족해 집중하기 어려웠다.,2024-06-13T09:20:51Z,negative,false,127,ko
URV000027,USR0007,MOV0095,VEW000075,2.5,장단점이 뚜렷한 Romance,흥미로운 설정이지만 중반 전개는 조금 느리게 느껴졌다.,2026-07-07T16:31:14Z,neutral,false,147,ko
URV000028,USR0007,MOV0124,VEW000076,1,아쉬움이 남은 황조롱이의 새벽: 규약,전개가 반복적이고 결말이 급하게 마무리된 느낌이다.,2025-10-12T20:43:52Z,negative,false,77,ko
URV000029,USR0008,MOV0183,VEW000085,1.5,아쉬움이 남은 비취 주파수: 항해,기대했던 긴장감이 부족해 집중하기 어려웠다.,2025-11-08T02:11:19Z,negative,true,197,ko
URV000030,USR0008,MOV0122,VEW000086,4,다시 보고 싶은 “황조롱이의 새벽: 신호”,배우들의 호흡과 음악이 잘 어우러져 다시 보고 싶다.,2026-06-11T12:14:21Z,positive,false,274,ko
URV000031,USR0008,MOV0174,VEW000087,3.5,장단점이 뚜렷한 Science Fiction,장점과 단점이 분명했다. 한 번쯤 볼 만한 작품이다.,2026-02-04T10:50:30Z,neutral,true,130,ko
URV000032,USR0008,MOV0001,VEW000088,3.5,장단점이 뚜렷한 Drama,장점과 단점이 분명했다. 한 번쯤 볼 만한 작품이다.,2025-09-08T20:45:16Z,neutral,false,74,ko
URV000033,USR0009,MOV0087,VEW000097,2.5,장단점이 뚜렷한 Documentary,영상은 인상적이었지만 이야기의 밀도는 평범했다.,2025-09-02T21:01:13Z,neutral,false,229,ko
URV000034,USR0009,MOV0142,VEW000098,3,장단점이 뚜렷한 Comedy,흥미로운 설정이지만 중반 전개는 조금 느리게 느껴졌다.,2026-06-07T17:36:00Z,neutral,true,299,ko
URV000035,USR0009,MOV0073,VEW000099,4,다시 보고 싶은 “메아리 항구: 항해”,몰입감이 좋고 마지막 장면의 여운이 길었다.,2024-11-13T02:19:38Z,positive,false,313,ko
URV000036,USR0009,MOV0132,VEW000100,2,아쉬움이 남은 내일의 유리: 신호,아이디어는 좋았지만 인물의 선택이 충분히 설득력 있지 않았다.,2024-10-17T01:32:26Z,negative,false,186,en
URV000037,USR0010,MOV0130,VEW000109,3,장단점이 뚜렷한 Horror,장점과 단점이 분명했다. 한 번쯤 볼 만한 작품이다.,2026-05-03T14:00:29Z,neutral,false,350,ko
URV000038,USR0010,MOV0010,VEW000110,4.5,다시 보고 싶은 “별비: 교차점”,"예상보다 섬세하고 따뜻했다, 친구에게 추천하고 싶다.",2026-02-06T09:41:52Z,positive,false,17,ko
URV000039,USR0010,MOV0005,VEW000111,3.5,장단점이 뚜렷한 Romance,영상은 인상적이었지만 이야기의 밀도는 평범했다.,2026-04-11T13:52:20Z,neutral,false,320,ko
URV000040,USR0010,MOV0052,VEW000112,2,아쉬움이 남은 안개의 도시: 신호,기대했던 긴장감이 부족해 집중하기 어려웠다.,2026-04-15T03:18:23Z,negative,false,218,ko
URV000041,USR0011,MOV0097,VEW000121,4.5,다시 보고 싶은 “까마귀 첨탑: 연대기”,"예상보다 섬세하고 따뜻했다, 친구에게 추천하고 싶다.",2026-07-15T22:20:21Z,positive,false,24,ko
URV000042,USR0011,MOV0190,VEW000122,2,아쉬움이 남은 비취 주파수: 교차점,아이디어는 좋았지만 인물의 선택이 충분히 설득력 있지 않았다.,2024-08-28T22:34:03Z,negative,false,165,ko
URV000043,USR0011,MOV0013,VEW000123,3,장단점이 뚜렷한 Thriller,장점과 단점이 분명했다. 한 번쯤 볼 만한 작품이다.,2026-06-13T06:30:02Z,neutral,false,298,ko
URV000044,USR0011,MOV0056,VEW000124,2.5,장단점이 뚜렷한 Action,영상은 인상적이었지만 이야기의 밀도는 평범했다.,2024-10-20T14:29:12Z,neutral,false,54,ko
URV000045,USR0012,MOV0115,VEW000133,2,아쉬움이 남은 새별 들판: 정원,기대했던 긴장감이 부족해 집중하기 어려웠다.,2024-09-20T01:24:13Z,negative,false,23,ko
URV000046,USR0012,MOV0063,VEW000134,3,장단점이 뚜렷한 Thriller,장점과 단점이 분명했다. 한 번쯤 볼 만한 작품이다.,2024-06-08T14:33:21Z,neutral,false,161,ko
URV000047,USR0012,MOV0126,VEW000135,1.5,아쉬움이 남은 황조롱이의 새벽: 역설,전개가 반복적이고 결말이 급하게 마무리된 느낌이다.,2026-04-20T22:26:00Z,negative,false,160,ko
URV000048,USR0012,MOV0060,VEW000136,2,아쉬움이 남은 안개의 도시: 교차점,아이디어는 좋았지만 인물의 선택이 충분히 설득력 있지 않았다.,2026-05-22T08:10:18Z,negative,false,338,ko
URV000049,USR0013,MOV0116,VEW000145,3.5,장단점이 뚜렷한 Action,흥미로운 설정이지만 중반 전개는 조금 느리게 느껴졌다.,2024-07-13T09:18:09Z,neutral,true,338,en
URV000050,USR0013,MOV0166,VEW000146,3,장단점이 뚜렷한 Action,흥미로운 설정이지만 중반 전개는 조금 느리게 느껴졌다.,2025-09-28T01:29:53Z,neutral,false,287,ko
URV000051,USR0013,MOV0032,VEW000147,1.5,아쉬움이 남은 잿빛 파도: 신호,전개가 반복적이고 결말이 급하게 마무리된 느낌이다.,2025-03-02T00:09:01Z,negative,true,298,en
URV000052,USR0013,MOV0143,VEW000148,2.5,장단점이 뚜렷한 Thriller,영상은 인상적이었지만 이야기의 밀도는 평범했다.,2026-01-07T23:05:21Z,neutral,false,178,en
URV000053,USR0014,MOV0200,VEW000157,3.5,장단점이 뚜렷한 Horror,영상은 인상적이었지만 이야기의 밀도는 평범했다.,2025-12-06T06:04:23Z,neutral,false,263,hi
URV000054,USR0014,MOV0160,VEW000158,3,장단점이 뚜렷한 Horror,영상은 인상적이었지만 이야기의 밀도는 평범했다.,2025-09-01T14:30:22Z,neutral,false,217,ko
URV000055,USR0014,MOV0177,VEW000159,2,아쉬움이 남은 겨울 지도: 연대기,기대했던 긴장감이 부족해 집중하기 어려웠다.,2025-01-24T08:31:10Z,negative,false,232,hi
URV000056,USR0014,MOV0012,VEW000160,1,아쉬움이 남은 푸른 궤도: 신호,기대했던 긴장감이 부족해 집중하기 어려웠다.,2025-10-07T08:39:26Z,negative,false,138,ko
URV000057,USR0015,MOV0090,VEW000169,3,장단점이 뚜렷한 Horror,장점과 단점이 분명했다. 한 번쯤 볼 만한 작품이다.,2025-05-23T21:19:01Z,neutral,false,26,de
URV000058,USR0015,MOV0190,VEW000170,2.5,장단점이 뚜렷한 Horror,영상은 인상적이었지만 이야기의 밀도는 평범했다.,2026-05-24T07:11:22Z,neutral,false,347,ko
URV000059,USR0015,MOV0092,VEW000171,4,다시 보고 싶은 “까마귀 첨탑: 신호”,몰입감이 좋고 마지막 장면의 여운이 길었다.,2026-05-07T07:43:51Z,positive,false,242,de
URV000060,USR0015,MOV0173,VEW000172,2,아쉬움이 남은 겨울 지도: 항해,기대했던 긴장감이 부족해 집중하기 어려웠다.,2026-05-05T21:15:58Z,negative,false,159,ko
URV000061,USR0016,MOV0199,VEW000181,3,장단점이 뚜렷한 Fantasy,영상은 인상적이었지만 이야기의 밀도는 평범했다.,2026-03-05T06:15:54Z,neutral,false,309,ko
URV000062,USR0016,MOV0043,VEW000182,2.5,장단점이 뚜렷한 Thriller,흥미로운 설정이지만 중반 전개는 조금 느리게 느껴졌다.,2025-12-16T14:54:13Z,neutral,false,305,ko
URV000063,USR0016,MOV0180,VEW000183,4,다시 보고 싶은 “겨울 지도: 교차점”,"예상보다 섬세하고 따뜻했다, 친구에게 추천하고 싶다.",2025-05-09T06:55:01Z,positive,false,167,ko
URV000064,USR0016,MOV0139,VEW000184,1,아쉬움이 남은 내일의 유리: 몽상,아이디어는 좋았지만 인물의 선택이 충분히 설득력 있지 않았다.,2024-11-02T04:33:48Z,negative,false,228,ko
URV000065,USR0017,MOV0148,VEW000193,3.5,장단점이 뚜렷한 Animation,장점과 단점이 분명했다. 한 번쯤 볼 만한 작품이다.,2023-05-04T09:47:40Z,neutral,true,46,pt
URV000066,USR0017,MOV0053,VEW000194,2.5,장단점이 뚜렷한 Thriller,흥미로운 설정이지만 중반 전개는 조금 느리게 느껴졌다.,2026-01-30T02:44:06Z,neutral,false,47,ko
URV000067,USR0017,MOV0115,VEW000195,2.5,장단점이 뚜렷한 Romance,장점과 단점이 분명했다. 한 번쯤 볼 만한 작품이다.,2023-06-25T22:38:00Z,neutral,false,140,pt
URV000068,USR0017,MOV0143,VEW000196,2.5,장단점이 뚜렷한 Thriller,장점과 단점이 분명했다. 한 번쯤 볼 만한 작품이다.,2026-04-16T10:42:14Z,neutral,false,161,pt
URV000069,USR0018,MOV0019,VEW000205,2.5,장단점이 뚜렷한 Fantasy,영상은 인상적이었지만 이야기의 밀도는 평범했다.,2024-09-10T15:18:04Z,neutral,false,127,ko
URV000070,USR0018,MOV0105,VEW000206,2,아쉬움이 남은 파도의 불씨: 정원,기대했던 긴장감이 부족해 집중하기 어려웠다.,2025-09-25T21:45:53Z,negative,false,273,ko
URV000071,USR0018,MOV0184,VEW000207,2.5,장단점이 뚜렷한 Science Fiction,흥미로운 설정이지만 중반 전개는 조금 느리게 느껴졌다.,2025-05-16T16:50:15Z,neutral,false,108,ko
URV000072,USR0018,MOV0116,VEW000208,3,장단점이 뚜렷한 Action,장점과 단점이 분명했다. 한 번쯤 볼 만한 작품이다.,2022-11-27T17:09:46Z,neutral,false,204,ko
URV000073,USR0019,MOV0108,VEW000217,3.5,장단점이 뚜렷한 Animation,영상은 인상적이었지만 이야기의 밀도는 평범했다.,2026-05-12T18:42:47Z,neutral,false,249,ko
URV000074,USR0019,MOV0117,VEW000218,2.5,장단점이 뚜렷한 Documentary,장점과 단점이 분명했다. 한 번쯤 볼 만한 작품이다.,2026-03-10T01:57:30Z,neutral,false,176,ko
URV000075,USR0019,MOV0158,VEW000219,3,장단점이 뚜렷한 Animation,흥미로운 설정이지만 중반 전개는 조금 느리게 느껴졌다.,2025-01-22T23:40:50Z,neutral,false,91,ko
URV000076,USR0019,MOV0160,VEW000220,3.5,장단점이 뚜렷한 Horror,흥미로운 설정이지만 중반 전개는 조금 느리게 느껴졌다.,2026-06-25T08:56:59Z,neutral,false,168,ko
URV000077,USR0020,MOV0092,VEW000229,4,다시 보고 싶은 “까마귀 첨탑: 신호”,"예상보다 섬세하고 따뜻했다, 친구에게 추천하고 싶다.",2025-06-20T23:31:48Z,positive,false,244,ko
URV000078,USR0020,MOV0192,VEW000230,3.5,장단점이 뚜렷한 Comedy,흥미로운 설정이지만 중반 전개는 조금 느리게 느껴졌다.,2023-12-27T06:31:17Z,neutral,false,293,ko
URV000079,USR0020,MOV0051,VEW000231,1,아쉬움이 남은 안개의 도시: 기록,전개가 반복적이고 결말이 급하게 마무리된 느낌이다.,2026-04-16T14:09:37Z,negative,true,321,ko
URV000080,USR0020,MOV0099,VEW000232,3.5,장단점이 뚜렷한 Fantasy,흥미로운 설정이지만 중반 전개는 조금 느리게 느껴졌다.,2026-03-18T19:04:06Z,neutral,false,116,ko
URV000081,USR0021,MOV0050,VEW000241,1.5,아쉬움이 남은 고요한 항로: 교차점,아이디어는 좋았지만 인물의 선택이 충분히 설득력 있지 않았다.,2026-03-09T23:50:44Z,negative,false,268,ko
URV000082,USR0021,MOV0001,VEW000242,3.5,장단점이 뚜렷한 Drama,장점과 단점이 분명했다. 한 번쯤 볼 만한 작품이다.,2025-12-06T16:04:53Z,neutral,false,296,ko
URV000083,USR0021,MOV0198,VEW000243,2,아쉬움이 남은 진홍 항구: 별자리,아이디어는 좋았지만 인물의 선택이 충분히 설득력 있지 않았다.,2025-08-22T14:44:02Z,negative,false,213,ko
URV000084,USR0021,MOV0121,VEW000244,2,아쉬움이 남은 황조롱이의 새벽: 기록,아이디어는 좋았지만 인물의 선택이 충분히 설득력 있지 않았다.,2025-11-22T12:47:25Z,negative,false,17,en
URV000085,USR0022,MOV0050,VEW000253,2.5,장단점이 뚜렷한 Horror,영상은 인상적이었지만 이야기의 밀도는 평범했다.,2026-01-19T09:17:55Z,neutral,false,270,fr
URV000086,USR0022,MOV0184,VEW000254,2.5,장단점이 뚜렷한 Science Fiction,영상은 인상적이었지만 이야기의 밀도는 평범했다.,2023-05-07T15:13:55Z,neutral,false,111,ko
URV000087,USR0022,MOV0195,VEW000255,3,장단점이 뚜렷한 Romance,장점과 단점이 분명했다. 한 번쯤 볼 만한 작품이다.,2026-05-14T00:49:21Z,neutral,false,181,ko
URV000088,USR0022,MOV0183,VEW000256,1,아쉬움이 남은 비취 주파수: 항해,전개가 반복적이고 결말이 급하게 마무리된 느낌이다.,2026-02-22T23:10:14Z,negative,false,272,ko
URV000089,USR0023,MOV0154,VEW000265,1.5,아쉬움이 남은 호박빛 회로: 규약,기대했던 긴장감이 부족해 집중하기 어려웠다.,2026-05-14T08:26:14Z,negative,false,169,ko
URV000090,USR0023,MOV0164,VEW000266,2,아쉬움이 남은 빈 프리즘: 규약,아이디어는 좋았지만 인물의 선택이 충분히 설득력 있지 않았다.,2026-05-31T15:33:38Z,negative,false,245,en
URV000091,USR0023,MOV0015,VEW000267,3.5,장단점이 뚜렷한 Romance,영상은 인상적이었지만 이야기의 밀도는 평범했다.,2026-05-25T15:34:48Z,neutral,false,127,ko
URV000092,USR0023,MOV0007,VEW000268,2.5,장단점이 뚜렷한 Documentary,영상은 인상적이었지만 이야기의 밀도는 평범했다.,2026-02-19T23:45:22Z,neutral,false,7,ko
URV000093,USR0024,MOV0035,VEW000277,4,다시 보고 싶은 “잿빛 파도: 정원”,배우들의 호흡과 음악이 잘 어우러져 다시 보고 싶다.,2026-06-26T10:02:22Z,positive,true,111,ko
URV000094,USR0024,MOV0079,VEW000278,4,다시 보고 싶은 “메아리 항구: 몽상”,"예상보다 섬세하고 따뜻했다, 친구에게 추천하고 싶다.",2026-03-21T14:24:28Z,positive,false,176,hi
URV000095,USR0024,MOV0050,VEW000279,2,아쉬움이 남은 고요한 항로: 교차점,아이디어는 좋았지만 인물의 선택이 충분히 설득력 있지 않았다.,2026-01-29T14:03:05Z,negative,false,317,ko
URV000096,USR0024,MOV0150,VEW000280,3,장단점이 뚜렷한 Horror,영상은 인상적이었지만 이야기의 밀도는 평범했다.,2025-09-28T11:26:49Z,neutral,false,62,ko
URV000097,USR0025,MOV0064,VEW000289,2.5,장단점이 뚜렷한 Science Fiction,영상은 인상적이었지만 이야기의 밀도는 평범했다.,2026-01-14T01:17:34Z,neutral,false,54,ko
URV000098,USR0025,MOV0181,VEW000290,2.5,장단점이 뚜렷한 Drama,장점과 단점이 분명했다. 한 번쯤 볼 만한 작품이다.,2024-05-21T06:34:49Z,neutral,false,291,ko
URV000099,USR0025,MOV0139,VEW000291,2,아쉬움이 남은 내일의 유리: 몽상,아이디어는 좋았지만 인물의 선택이 충분히 설득력 있지 않았다.,2024-12-26T06:37:25Z,negative,false,222,ko
URV000100,USR0025,MOV0132,VEW000292,2.5,장단점이 뚜렷한 Comedy,영상은 인상적이었지만 이야기의 밀도는 평범했다.,2025-03-15T07:06:43Z,neutral,false,35,ko
URV000101,USR0026,MOV0132,VEW000301,1.5,아쉬움이 남은 내일의 유리: 신호,전개가 반복적이고 결말이 급하게 마무리된 느낌이다.,2023-05-31T19:26:51Z,negative,false,337,ko
URV000102,USR0026,MOV0039,VEW000302,1,아쉬움이 남은 잿빛 파도: 몽상,아이디어는 좋았지만 인물의 선택이 충분히 설득력 있지 않았다.,2025-06-15T08:16:29Z,negative,false,230,ko
URV000103,USR0026,MOV0149,VEW000303,4,다시 보고 싶은 “은빛 자오선: 몽상”,몰입감이 좋고 마지막 장면의 여운이 길었다.,2023-01-11T01:44:03Z,positive,true,27,ko
URV000104,USR0026,MOV0013,VEW000304,4,다시 보고 싶은 “푸른 궤도: 항해”,몰입감이 좋고 마지막 장면의 여운이 길었다.,2023-07-08T17:15:59Z,positive,false,152,ko
URV000105,USR0027,MOV0160,VEW000313,2,아쉬움이 남은 호박빛 회로: 교차점,아이디어는 좋았지만 인물의 선택이 충분히 설득력 있지 않았다.,2025-04-16T00:17:59Z,negative,false,256,ko
URV000106,USR0027,MOV0114,VEW000314,4,다시 보고 싶은 “새별 들판: 규약”,배우들의 호흡과 음악이 잘 어우러져 다시 보고 싶다.,2025-06-22T07:06:37Z,positive,false,43,ko
URV000107,USR0027,MOV0180,VEW000315,3,장단점이 뚜렷한 Horror,영상은 인상적이었지만 이야기의 밀도는 평범했다.,2025-05-07T03:10:40Z,neutral,false,307,pt
URV000108,USR0027,MOV0195,VEW000316,2.5,장단점이 뚜렷한 Romance,장점과 단점이 분명했다. 한 번쯤 볼 만한 작품이다.,2026-01-09T12:45:07Z,neutral,false,288,ko
URV000109,USR0028,MOV0034,VEW000325,2,아쉬움이 남은 잿빛 파도: 규약,전개가 반복적이고 결말이 급하게 마무리된 느낌이다.,2025-04-19T23:53:31Z,negative,false,268,ko
URV000110,USR0028,MOV0001,VEW000326,3.5,장단점이 뚜렷한 Drama,흥미로운 설정이지만 중반 전개는 조금 느리게 느껴졌다.,2025-05-29T01:14:10Z,neutral,false,57,ko
URV000111,USR0028,MOV0164,VEW000327,2.5,장단점이 뚜렷한 Science Fiction,영상은 인상적이었지만 이야기의 밀도는 평범했다.,2024-05-24T18:27:46Z,neutral,false,264,ko
URV000112,USR0028,MOV0101,VEW000328,1,아쉬움이 남은 파도의 불씨: 기록,아이디어는 좋았지만 인물의 선택이 충분히 설득력 있지 않았다.,2026-06-11T15:58:02Z,negative,false,116,ko
URV000113,USR0029,MOV0177,VEW000337,1.5,아쉬움이 남은 겨울 지도: 연대기,전개가 반복적이고 결말이 급하게 마무리된 느낌이다.,2025-12-22T21:39:54Z,negative,false,220,ko
URV000114,USR0029,MOV0190,VEW000338,3.5,장단점이 뚜렷한 Horror,영상은 인상적이었지만 이야기의 밀도는 평범했다.,2025-03-31T14:00:46Z,neutral,false,129,ko
URV000115,USR0029,MOV0009,VEW000339,3,장단점이 뚜렷한 Fantasy,영상은 인상적이었지만 이야기의 밀도는 평범했다.,2025-11-24T05:35:55Z,neutral,false,117,ko
URV000116,USR0029,MOV0011,VEW000340,1,아쉬움이 남은 푸른 궤도: 기록,전개가 반복적이고 결말이 급하게 마무리된 느낌이다.,2024-02-02T23:31:03Z,negative,false,263,ko
URV000117,USR0030,MOV0150,VEW000349,2.5,장단점이 뚜렷한 Horror,영상은 인상적이었지만 이야기의 밀도는 평범했다.,2025-10-03T21:52:13Z,neutral,false,319,ko
URV000118,USR0030,MOV0003,VEW000350,2.5,장단점이 뚜렷한 Thriller,흥미로운 설정이지만 중반 전개는 조금 느리게 느껴졌다.,2026-02-25T12:29:04Z,neutral,true,169,ko
URV000119,USR0030,MOV0092,VEW000351,4,다시 보고 싶은 “까마귀 첨탑: 신호”,"예상보다 섬세하고 따뜻했다, 친구에게 추천하고 싶다.",2025-12-22T15:38:44Z,positive,false,132,ko
URV000120,USR0030,MOV0043,VEW000352,3.5,장단점이 뚜렷한 Thriller,영상은 인상적이었지만 이야기의 밀도는 평범했다.,2025-11-17T21:41:09Z,neutral,false,27,ko
URV000121,USR0031,MOV0067,VEW000361,3.5,장단점이 뚜렷한 Documentary,장점과 단점이 분명했다. 한 번쯤 볼 만한 작품이다.,2026-07-22T10:47:46Z,neutral,false,23,ko
URV000122,USR0031,MOV0082,VEW000362,2,아쉬움이 남은 빛의 수호자: 신호,기대했던 긴장감이 부족해 집중하기 어려웠다.,2024-10-17T17:36:35Z,negative,true,345,ko
URV000123,USR0031,MOV0123,VEW000363,3,장단점이 뚜렷한 Thriller,흥미로운 설정이지만 중반 전개는 조금 느리게 느껴졌다.,2024-05-30T12:21:41Z,neutral,false,78,en
URV000124,USR0031,MOV0154,VEW000364,1,아쉬움이 남은 호박빛 회로: 규약,아이디어는 좋았지만 인물의 선택이 충분히 설득력 있지 않았다.,2025-06-30T01:43:23Z,negative,false,312,ko
URV000125,USR0032,MOV0112,VEW000373,3.5,장단점이 뚜렷한 Comedy,영상은 인상적이었지만 이야기의 밀도는 평범했다.,2026-05-27T07:07:52Z,neutral,false,239,ko
URV000126,USR0032,MOV0121,VEW000374,1.5,아쉬움이 남은 황조롱이의 새벽: 기록,전개가 반복적이고 결말이 급하게 마무리된 느낌이다.,2026-01-31T17:01:23Z,negative,false,14,ko
URV000127,USR0032,MOV0081,VEW000375,2,아쉬움이 남은 빛의 수호자: 기록,아이디어는 좋았지만 인물의 선택이 충분히 설득력 있지 않았다.,2026-03-05T14:49:59Z,negative,false,240,ko
URV000128,USR0032,MOV0114,VEW000376,4.5,다시 보고 싶은 “새별 들판: 규약”,몰입감이 좋고 마지막 장면의 여운이 길었다.,2026-03-07T05:00:04Z,positive,true,171,ko
URV000129,USR0033,MOV0095,VEW000385,3.5,장단점이 뚜렷한 Romance,영상은 인상적이었지만 이야기의 밀도는 평범했다.,2025-10-12T14:01:33Z,neutral,true,82,ko
URV000130,USR0033,MOV0131,VEW000386,3.5,장단점이 뚜렷한 Drama,영상은 인상적이었지만 이야기의 밀도는 평범했다.,2026-03-21T14:51:48Z,neutral,true,119,ko
URV000131,USR0033,MOV0081,VEW000387,2,아쉬움이 남은 빛의 수호자: 기록,기대했던 긴장감이 부족해 집중하기 어려웠다.,2026-05-11T08:39:39Z,negative,false,111,ko
URV000132,USR0033,MOV0060,VEW000388,2,아쉬움이 남은 안개의 도시: 교차점,전개가 반복적이고 결말이 급하게 마무리된 느낌이다.,2026-06-08T19:52:44Z,negative,false,293,en
URV000133,USR0034,MOV0145,VEW000397,3,장단점이 뚜렷한 Romance,장점과 단점이 분명했다. 한 번쯤 볼 만한 작품이다.,2024-09-25T11:39:27Z,neutral,false,333,ko
URV000134,USR0034,MOV0191,VEW000398,1,아쉬움이 남은 진홍 항구: 기록,아이디어는 좋았지만 인물의 선택이 충분히 설득력 있지 않았다.,2025-11-18T07:41:31Z,negative,false,116,ko
URV000135,USR0034,MOV0102,VEW000399,3,장단점이 뚜렷한 Comedy,장점과 단점이 분명했다. 한 번쯤 볼 만한 작품이다.,2026-05-07T09:34:26Z,neutral,true,263,ko
URV000136,USR0034,MOV0023,VEW000400,3.5,장단점이 뚜렷한 Thriller,흥미로운 설정이지만 중반 전개는 조금 느리게 느껴졌다.,2024-10-10T02:19:00Z,neutral,false,272,ko
URV000137,USR0035,MOV0003,VEW000409,2.5,장단점이 뚜렷한 Thriller,영상은 인상적이었지만 이야기의 밀도는 평범했다.,2026-01-08T16:13:33Z,neutral,false,124,ko
URV000138,USR0035,MOV0097,VEW000410,4.5,다시 보고 싶은 “까마귀 첨탑: 연대기”,배우들의 호흡과 음악이 잘 어우러져 다시 보고 싶다.,2026-06-27T05:37:10Z,positive,true,107,ko
URV000139,USR0035,MOV0115,VEW000411,2.5,장단점이 뚜렷한 Romance,흥미로운 설정이지만 중반 전개는 조금 느리게 느껴졌다.,2025-12-09T17:19:23Z,neutral,false,51,ko
URV000140,USR0035,MOV0103,VEW000412,2,아쉬움이 남은 파도의 불씨: 항해,기대했던 긴장감이 부족해 집중하기 어려웠다.,2025-03-13T09:36:48Z,negative,false,30,ko
URV000141,USR0036,MOV0090,VEW000421,1.5,아쉬움이 남은 빛의 수호자: 교차점,아이디어는 좋았지만 인물의 선택이 충분히 설득력 있지 않았다.,2026-02-16T13:13:22Z,negative,false,297,ko
URV000142,USR0036,MOV0106,VEW000422,1,아쉬움이 남은 파도의 불씨: 역설,전개가 반복적이고 결말이 급하게 마무리된 느낌이다.,2026-06-15T19:28:07Z,negative,true,152,ko
URV000143,USR0036,MOV0120,VEW000423,1.5,아쉬움이 남은 새별 들판: 교차점,전개가 반복적이고 결말이 급하게 마무리된 느낌이다.,2024-12-24T13:24:50Z,negative,false,93,ko
URV000144,USR0036,MOV0059,VEW000424,3.5,장단점이 뚜렷한 Fantasy,영상은 인상적이었지만 이야기의 밀도는 평범했다.,2025-07-29T00:17:28Z,neutral,false,319,ko
URV000145,USR0037,MOV0157,VEW000433,4.5,다시 보고 싶은 “호박빛 회로: 연대기”,배우들의 호흡과 음악이 잘 어우러져 다시 보고 싶다.,2025-10-26T19:32:54Z,positive,false,340,pt
URV000146,USR0037,MOV0001,VEW000434,4,다시 보고 싶은 “별비: 기록”,배우들의 호흡과 음악이 잘 어우러져 다시 보고 싶다.,2026-03-19T17:13:51Z,positive,false,239,ko
URV000147,USR0037,MOV0090,VEW000435,2,아쉬움이 남은 빛의 수호자: 교차점,전개가 반복적이고 결말이 급하게 마무리된 느낌이다.,2026-05-11T07:13:50Z,negative,false,58,ko
URV000148,USR0037,MOV0066,VEW000436,1.5,아쉬움이 남은 오리온 골짜기: 역설,전개가 반복적이고 결말이 급하게 마무리된 느낌이다.,2022-04-18T20:02:16Z,negative,false,160,pt
URV000149,USR0038,MOV0158,VEW000445,3,장단점이 뚜렷한 Animation,영상은 인상적이었지만 이야기의 밀도는 평범했다.,2025-09-25T09:54:01Z,neutral,true,36,ko
URV000150,USR0038,MOV0189,VEW000446,4.5,다시 보고 싶은 “비취 주파수: 몽상”,"예상보다 섬세하고 따뜻했다, 친구에게 추천하고 싶다.",2026-05-11T15:57:43Z,positive,false,41,ko
URV000151,USR0038,MOV0155,VEW000447,4,다시 보고 싶은 “호박빛 회로: 정원”,배우들의 호흡과 음악이 잘 어우러져 다시 보고 싶다.,2025-12-14T06:25:55Z,positive,false,272,en
URV000152,USR0038,MOV0188,VEW000448,2.5,장단점이 뚜렷한 Animation,흥미로운 설정이지만 중반 전개는 조금 느리게 느껴졌다.,2026-07-10T07:06:03Z,neutral,false,59,ko
URV000153,USR0039,MOV0113,VEW000457,2,아쉬움이 남은 새별 들판: 항해,기대했던 긴장감이 부족해 집중하기 어려웠다.,2026-05-22T22:19:55Z,negative,false,157,ko
URV000154,USR0039,MOV0034,VEW000458,1.5,아쉬움이 남은 잿빛 파도: 규약,기대했던 긴장감이 부족해 집중하기 어려웠다.,2026-04-22T03:53:26Z,negative,true,279,en
URV000155,USR0039,MOV0093,VEW000459,2,아쉬움이 남은 까마귀 첨탑: 항해,아이디어는 좋았지만 인물의 선택이 충분히 설득력 있지 않았다.,2026-02-21T13:48:46Z,negative,false,201,ko
URV000156,USR0039,MOV0125,VEW000460,3,장단점이 뚜렷한 Romance,영상은 인상적이었지만 이야기의 밀도는 평범했다.,2025-05-09T13:08:34Z,neutral,false,241,ko
URV000157,USR0040,MOV0155,VEW000469,3,장단점이 뚜렷한 Romance,영상은 인상적이었지만 이야기의 밀도는 평범했다.,2025-01-22T19:53:38Z,neutral,false,151,ko
URV000158,USR0040,MOV0150,VEW000470,2.5,장단점이 뚜렷한 Horror,영상은 인상적이었지만 이야기의 밀도는 평범했다.,2025-12-19T12:58:06Z,neutral,true,231,ko
URV000159,USR0040,MOV0194,VEW000471,3,장단점이 뚜렷한 Science Fiction,영상은 인상적이었지만 이야기의 밀도는 평범했다.,2025-06-15T20:54:07Z,neutral,true,293,ko
URV000160,USR0040,MOV0169,VEW000472,3,장단점이 뚜렷한 Fantasy,장점과 단점이 분명했다. 한 번쯤 볼 만한 작품이다.,2026-05-13T14:57:44Z,neutral,false,129,ko
URV000161,USR0041,MOV0032,VEW000481,2,아쉬움이 남은 잿빛 파도: 신호,전개가 반복적이고 결말이 급하게 마무리된 느낌이다.,2025-12-07T04:46:17Z,negative,false,233,ko
URV000162,USR0041,MOV0105,VEW000482,2,아쉬움이 남은 파도의 불씨: 정원,기대했던 긴장감이 부족해 집중하기 어려웠다.,2024-04-11T17:38:17Z,negative,false,198,ko
URV000163,USR0041,MOV0049,VEW000483,2.5,장단점이 뚜렷한 Fantasy,흥미로운 설정이지만 중반 전개는 조금 느리게 느껴졌다.,2024-07-02T13:19:48Z,neutral,false,72,ko
URV000164,USR0041,MOV0200,VEW000484,2.5,장단점이 뚜렷한 Horror,흥미로운 설정이지만 중반 전개는 조금 느리게 느껴졌다.,2025-12-19T11:54:37Z,neutral,false,121,ko
URV000165,USR0042,MOV0193,VEW000493,1.5,아쉬움이 남은 진홍 항구: 항해,기대했던 긴장감이 부족해 집중하기 어려웠다.,2026-07-09T23:16:20Z,negative,false,338,ko
URV000166,USR0042,MOV0118,VEW000494,3.5,장단점이 뚜렷한 Animation,영상은 인상적이었지만 이야기의 밀도는 평범했다.,2026-06-18T03:55:01Z,neutral,false,282,ko
URV000167,USR0042,MOV0051,VEW000495,2,아쉬움이 남은 안개의 도시: 기록,아이디어는 좋았지만 인물의 선택이 충분히 설득력 있지 않았다.,2026-04-20T16:30:19Z,negative,true,118,ko
URV000168,USR0042,MOV0088,VEW000496,2,아쉬움이 남은 빛의 수호자: 별자리,아이디어는 좋았지만 인물의 선택이 충분히 설득력 있지 않았다.,2025-12-22T02:26:32Z,negative,false,340,ko
URV000169,USR0043,MOV0048,VEW000505,2.5,장단점이 뚜렷한 Animation,장점과 단점이 분명했다. 한 번쯤 볼 만한 작품이다.,2026-03-09T09:45:03Z,neutral,false,27,ko
URV000170,USR0043,MOV0180,VEW000506,3.5,장단점이 뚜렷한 Horror,흥미로운 설정이지만 중반 전개는 조금 느리게 느껴졌다.,2024-01-01T10:15:43Z,neutral,false,232,ko
URV000171,USR0043,MOV0173,VEW000507,2.5,장단점이 뚜렷한 Thriller,영상은 인상적이었지만 이야기의 밀도는 평범했다.,2025-06-24T18:20:04Z,neutral,true,50,en
URV000172,USR0043,MOV0177,VEW000508,1,아쉬움이 남은 겨울 지도: 연대기,전개가 반복적이고 결말이 급하게 마무리된 느낌이다.,2022-11-02T18:32:52Z,negative,false,58,ko
URV000173,USR0044,MOV0182,VEW000517,3,장단점이 뚜렷한 Comedy,흥미로운 설정이지만 중반 전개는 조금 느리게 느껴졌다.,2026-01-30T19:45:46Z,neutral,false,243,hi
URV000174,USR0044,MOV0129,VEW000518,3.5,장단점이 뚜렷한 Fantasy,영상은 인상적이었지만 이야기의 밀도는 평범했다.,2025-03-04T18:35:50Z,neutral,false,121,ko
URV000175,USR0044,MOV0125,VEW000519,2,아쉬움이 남은 황조롱이의 새벽: 정원,아이디어는 좋았지만 인물의 선택이 충분히 설득력 있지 않았다.,2025-05-29T12:04:44Z,negative,false,48,ko
URV000176,USR0044,MOV0120,VEW000520,2,아쉬움이 남은 새별 들판: 교차점,아이디어는 좋았지만 인물의 선택이 충분히 설득력 있지 않았다.,2025-05-30T06:15:25Z,negative,false,50,ko
URV000177,USR0045,MOV0112,VEW000529,4,다시 보고 싶은 “새별 들판: 신호”,몰입감이 좋고 마지막 장면의 여운이 길었다.,2026-07-03T21:00:17Z,positive,false,87,de
URV000178,USR0045,MOV0031,VEW000530,3.5,장단점이 뚜렷한 Drama,흥미로운 설정이지만 중반 전개는 조금 느리게 느껴졌다.,2026-03-27T10:07:07Z,neutral,false,4,ko
URV000179,USR0045,MOV0045,VEW000531,2.5,장단점이 뚜렷한 Romance,흥미로운 설정이지만 중반 전개는 조금 느리게 느껴졌다.,2026-05-06T11:20:14Z,neutral,false,265,ko
URV000180,USR0045,MOV0032,VEW000532,3,장단점이 뚜렷한 Comedy,흥미로운 설정이지만 중반 전개는 조금 느리게 느껴졌다.,2026-05-20T16:21:19Z,neutral,false,35,ko
URV000181,USR0046,MOV0177,VEW000541,1.5,아쉬움이 남은 겨울 지도: 연대기,기대했던 긴장감이 부족해 집중하기 어려웠다.,2026-07-16T11:04:50Z,negative,false,52,ko
URV000182,USR0046,MOV0053,VEW000542,4,다시 보고 싶은 “안개의 도시: 항해”,"예상보다 섬세하고 따뜻했다, 친구에게 추천하고 싶다.",2026-03-03T12:37:36Z,positive,false,194,ko
URV000183,USR0046,MOV0198,VEW000543,2,아쉬움이 남은 진홍 항구: 별자리,아이디어는 좋았지만 인물의 선택이 충분히 설득력 있지 않았다.,2023-05-20T19:58:27Z,negative,false,182,ko
URV000184,USR0046,MOV0135,VEW000544,4,다시 보고 싶은 “내일의 유리: 정원”,몰입감이 좋고 마지막 장면의 여운이 길었다.,2026-06-15T11:18:28Z,positive,false,27,ko
URV000185,USR0047,MOV0010,VEW000553,4,다시 보고 싶은 “별비: 교차점”,몰입감이 좋고 마지막 장면의 여운이 길었다.,2024-05-23T14:00:35Z,positive,false,213,pt
URV000186,USR0047,MOV0064,VEW000554,2.5,장단점이 뚜렷한 Science Fiction,흥미로운 설정이지만 중반 전개는 조금 느리게 느껴졌다.,2026-06-02T23:53:22Z,neutral,false,335,ko
URV000187,USR0047,MOV0184,VEW000555,1.5,아쉬움이 남은 비취 주파수: 규약,아이디어는 좋았지만 인물의 선택이 충분히 설득력 있지 않았다.,2026-04-02T19:08:02Z,negative,false,90,ko
URV000188,USR0047,MOV0109,VEW000556,2,아쉬움이 남은 파도의 불씨: 몽상,기대했던 긴장감이 부족해 집중하기 어려웠다.,2026-03-18T03:23:28Z,negative,false,225,ko
URV000189,USR0048,MOV0094,VEW000565,2,아쉬움이 남은 까마귀 첨탑: 규약,아이디어는 좋았지만 인물의 선택이 충분히 설득력 있지 않았다.,2025-08-31T06:23:54Z,negative,false,212,ko
URV000190,USR0048,MOV0004,VEW000566,2.5,장단점이 뚜렷한 Science Fiction,흥미로운 설정이지만 중반 전개는 조금 느리게 느껴졌다.,2025-07-24T12:12:08Z,neutral,false,312,ko
URV000191,USR0048,MOV0146,VEW000567,3,장단점이 뚜렷한 Action,영상은 인상적이었지만 이야기의 밀도는 평범했다.,2025-10-30T18:16:24Z,neutral,false,332,ko
URV000192,USR0048,MOV0087,VEW000568,3,장단점이 뚜렷한 Documentary,영상은 인상적이었지만 이야기의 밀도는 평범했다.,2025-02-05T03:32:55Z,neutral,false,334,ko
URV000193,USR0049,MOV0112,VEW000577,4,다시 보고 싶은 “새별 들판: 신호”,몰입감이 좋고 마지막 장면의 여운이 길었다.,2021-12-07T22:11:46Z,positive,false,140,ko
URV000194,USR0049,MOV0194,VEW000578,3,장단점이 뚜렷한 Science Fiction,영상은 인상적이었지만 이야기의 밀도는 평범했다.,2026-03-31T03:40:17Z,neutral,false,177,en
URV000195,USR0049,MOV0049,VEW000579,2.5,장단점이 뚜렷한 Fantasy,영상은 인상적이었지만 이야기의 밀도는 평범했다.,2023-06-20T14:37:36Z,neutral,false,278,ko
URV000196,USR0049,MOV0149,VEW000580,3,장단점이 뚜렷한 Fantasy,영상은 인상적이었지만 이야기의 밀도는 평범했다.,2026-03-30T23:42:02Z,neutral,false,154,en
URV000197,USR0050,MOV0022,VEW000589,3.5,장단점이 뚜렷한 Comedy,장점과 단점이 분명했다. 한 번쯤 볼 만한 작품이다.,2025-07-09T07:26:56Z,neutral,false,79,ko
URV000198,USR0050,MOV0099,VEW000590,3,장단점이 뚜렷한 Fantasy,장점과 단점이 분명했다. 한 번쯤 볼 만한 작품이다.,2025-09-18T02:53:55Z,neutral,false,286,ko
URV000199,USR0050,MOV0135,VEW000591,3,장단점이 뚜렷한 Romance,장점과 단점이 분명했다. 한 번쯤 볼 만한 작품이다.,2025-11-11T06:55:18Z,neutral,true,244,ko
URV000200,USR0050,MOV0175,VEW000592,3,장단점이 뚜렷한 Romance,영상은 인상적이었지만 이야기의 밀도는 평범했다.,2026-01-22T02:08:58Z,neutral,false,242,ko
URV000201,USR0051,MOV0132,VEW000601,2.5,장단점이 뚜렷한 Comedy,장점과 단점이 분명했다. 한 번쯤 볼 만한 작품이다.,2025-06-25T19:04:49Z,neutral,false,151,ko
URV000202,USR0051,MOV0062,VEW000602,2,아쉬움이 남은 오리온 골짜기: 신호,전개가 반복적이고 결말이 급하게 마무리된 느낌이다.,2026-06-25T03:34:15Z,negative,false,350,ko
URV000203,USR0051,MOV0131,VEW000603,2.5,장단점이 뚜렷한 Drama,흥미로운 설정이지만 중반 전개는 조금 느리게 느껴졌다.,2025-12-29T23:12:27Z,neutral,false,173,ko
URV000204,USR0051,MOV0105,VEW000604,1.5,아쉬움이 남은 파도의 불씨: 정원,아이디어는 좋았지만 인물의 선택이 충분히 설득력 있지 않았다.,2025-10-19T23:06:50Z,negative,false,281,en
URV000205,USR0052,MOV0043,VEW000613,2.5,장단점이 뚜렷한 Thriller,흥미로운 설정이지만 중반 전개는 조금 느리게 느껴졌다.,2026-07-03T14:33:45Z,neutral,false,177,ko
URV000206,USR0052,MOV0057,VEW000614,2.5,장단점이 뚜렷한 Documentary,장점과 단점이 분명했다. 한 번쯤 볼 만한 작품이다.,2025-11-29T06:49:19Z,neutral,false,261,ko
URV000207,USR0052,MOV0108,VEW000615,3,장단점이 뚜렷한 Animation,흥미로운 설정이지만 중반 전개는 조금 느리게 느껴졌다.,2026-05-09T13:23:56Z,neutral,false,249,ko
URV000208,USR0052,MOV0165,VEW000616,1,아쉬움이 남은 빈 프리즘: 정원,기대했던 긴장감이 부족해 집중하기 어려웠다.,2025-11-04T22:08:52Z,negative,false,260,ko
URV000209,USR0053,MOV0155,VEW000625,3,장단점이 뚜렷한 Romance,흥미로운 설정이지만 중반 전개는 조금 느리게 느껴졌다.,2025-07-13T19:53:23Z,neutral,false,37,ko
URV000210,USR0053,MOV0192,VEW000626,2,아쉬움이 남은 진홍 항구: 신호,아이디어는 좋았지만 인물의 선택이 충분히 설득력 있지 않았다.,2025-01-13T07:12:57Z,negative,false,159,ko
URV000211,USR0053,MOV0197,VEW000627,2.5,장단점이 뚜렷한 Documentary,흥미로운 설정이지만 중반 전개는 조금 느리게 느껴졌다.,2024-12-04T01:59:45Z,neutral,false,165,en
URV000212,USR0053,MOV0055,VEW000628,2,아쉬움이 남은 안개의 도시: 정원,전개가 반복적이고 결말이 급하게 마무리된 느낌이다.,2026-05-09T17:52:21Z,negative,false,121,ko
URV000213,USR0054,MOV0038,VEW000637,3,장단점이 뚜렷한 Animation,영상은 인상적이었지만 이야기의 밀도는 평범했다.,2026-02-21T14:59:52Z,neutral,false,326,ko
URV000214,USR0054,MOV0001,VEW000638,4,다시 보고 싶은 “별비: 기록”,배우들의 호흡과 음악이 잘 어우러져 다시 보고 싶다.,2024-01-28T06:38:36Z,positive,false,317,ko
URV000215,USR0054,MOV0159,VEW000639,4.5,다시 보고 싶은 “호박빛 회로: 몽상”,몰입감이 좋고 마지막 장면의 여운이 길었다.,2026-02-10T20:53:24Z,positive,false,105,ko
URV000216,USR0054,MOV0128,VEW000640,2.5,장단점이 뚜렷한 Animation,영상은 인상적이었지만 이야기의 밀도는 평범했다.,2023-01-27T05:45:05Z,neutral,false,77,ko
URV000217,USR0055,MOV0061,VEW000649,2.5,장단점이 뚜렷한 Drama,장점과 단점이 분명했다. 한 번쯤 볼 만한 작품이다.,2025-10-12T03:19:58Z,neutral,false,296,de
URV000218,USR0055,MOV0197,VEW000650,2,아쉬움이 남은 진홍 항구: 연대기,기대했던 긴장감이 부족해 집중하기 어려웠다.,2025-08-12T08:37:02Z,negative,false,322,de
URV000219,USR0055,MOV0062,VEW000651,3,장단점이 뚜렷한 Comedy,흥미로운 설정이지만 중반 전개는 조금 느리게 느껴졌다.,2026-07-18T19:54:45Z,neutral,false,18,de
URV000220,USR0055,MOV0049,VEW000652,3.5,장단점이 뚜렷한 Fantasy,흥미로운 설정이지만 중반 전개는 조금 느리게 느껴졌다.,2026-05-08T08:57:14Z,neutral,false,275,ko
URV000221,USR0056,MOV0135,VEW000661,3.5,장단점이 뚜렷한 Romance,흥미로운 설정이지만 중반 전개는 조금 느리게 느껴졌다.,2025-02-15T08:50:29Z,neutral,false,115,ko
URV000222,USR0056,MOV0105,VEW000662,1,아쉬움이 남은 파도의 불씨: 정원,아이디어는 좋았지만 인물의 선택이 충분히 설득력 있지 않았다.,2025-10-01T06:36:15Z,negative,false,277,ja
URV000223,USR0056,MOV0075,VEW000663,1.5,아쉬움이 남은 메아리 항구: 정원,전개가 반복적이고 결말이 급하게 마무리된 느낌이다.,2026-07-15T04:20:43Z,negative,false,129,ja
URV000224,USR0056,MOV0056,VEW000664,3.5,장단점이 뚜렷한 Action,장점과 단점이 분명했다. 한 번쯤 볼 만한 작품이다.,2024-01-16T02:21:40Z,neutral,false,264,ko
URV000225,USR0057,MOV0082,VEW000673,1,아쉬움이 남은 빛의 수호자: 신호,아이디어는 좋았지만 인물의 선택이 충분히 설득력 있지 않았다.,2026-01-02T19:00:17Z,negative,false,304,ko
URV000226,USR0057,MOV0176,VEW000674,3.5,장단점이 뚜렷한 Action,흥미로운 설정이지만 중반 전개는 조금 느리게 느껴졌다.,2024-02-15T15:20:04Z,neutral,true,8,pt
URV000227,USR0057,MOV0126,VEW000675,2,아쉬움이 남은 황조롱이의 새벽: 역설,기대했던 긴장감이 부족해 집중하기 어려웠다.,2026-06-15T21:59:13Z,negative,false,300,ko
URV000228,USR0057,MOV0167,VEW000676,3,장단점이 뚜렷한 Documentary,장점과 단점이 분명했다. 한 번쯤 볼 만한 작품이다.,2022-12-03T23:09:07Z,neutral,false,60,ko
URV000229,USR0058,MOV0014,VEW000685,3,장단점이 뚜렷한 Science Fiction,영상은 인상적이었지만 이야기의 밀도는 평범했다.,2026-03-25T13:39:53Z,neutral,false,199,ko
URV000230,USR0058,MOV0116,VEW000686,2.5,장단점이 뚜렷한 Action,영상은 인상적이었지만 이야기의 밀도는 평범했다.,2026-04-29T16:00:05Z,neutral,false,218,ko
URV000231,USR0058,MOV0020,VEW000687,1.5,아쉬움이 남은 푸른 궤도: 교차점,전개가 반복적이고 결말이 급하게 마무리된 느낌이다.,2026-06-05T12:39:51Z,negative,true,307,ko
URV000232,USR0058,MOV0200,VEW000688,2.5,장단점이 뚜렷한 Horror,장점과 단점이 분명했다. 한 번쯤 볼 만한 작품이다.,2026-03-09T09:43:07Z,neutral,false,162,ko
URV000233,USR0059,MOV0178,VEW000697,2.5,장단점이 뚜렷한 Animation,영상은 인상적이었지만 이야기의 밀도는 평범했다.,2026-07-11T12:30:31Z,neutral,false,333,ko
URV000234,USR0059,MOV0126,VEW000698,1,아쉬움이 남은 황조롱이의 새벽: 역설,기대했던 긴장감이 부족해 집중하기 어려웠다.,2026-05-19T05:42:54Z,negative,false,9,ko
URV000235,USR0059,MOV0196,VEW000699,4,다시 보고 싶은 “진홍 항구: 역설”,"예상보다 섬세하고 따뜻했다, 친구에게 추천하고 싶다.",2026-06-26T09:25:00Z,positive,false,110,en
URV000236,USR0059,MOV0040,VEW000700,3.5,장단점이 뚜렷한 Horror,영상은 인상적이었지만 이야기의 밀도는 평범했다.,2025-09-07T20:49:55Z,neutral,false,145,ko
URV000237,USR0060,MOV0089,VEW000709,4,다시 보고 싶은 “빛의 수호자: 몽상”,몰입감이 좋고 마지막 장면의 여운이 길었다.,2026-04-08T12:30:24Z,positive,false,62,ko
URV000238,USR0060,MOV0112,VEW000710,3.5,장단점이 뚜렷한 Comedy,흥미로운 설정이지만 중반 전개는 조금 느리게 느껴졌다.,2023-09-23T22:30:33Z,neutral,false,63,ko
URV000239,USR0060,MOV0051,VEW000711,1,아쉬움이 남은 안개의 도시: 기록,기대했던 긴장감이 부족해 집중하기 어려웠다.,2025-12-19T12:27:22Z,negative,true,86,ko
URV000240,USR0060,MOV0015,VEW000712,3,장단점이 뚜렷한 Romance,흥미로운 설정이지만 중반 전개는 조금 느리게 느껴졌다.,2025-05-11T05:16:13Z,neutral,false,248,ko
URV000241,USR0061,MOV0106,VEW000721,1,아쉬움이 남은 파도의 불씨: 역설,기대했던 긴장감이 부족해 집중하기 어려웠다.,2026-03-07T02:13:30Z,negative,false,255,ko
URV000242,USR0061,MOV0137,VEW000722,3.5,장단점이 뚜렷한 Documentary,장점과 단점이 분명했다. 한 번쯤 볼 만한 작품이다.,2026-02-17T20:35:07Z,neutral,false,146,ko
URV000243,USR0061,MOV0087,VEW000723,2.5,장단점이 뚜렷한 Documentary,흥미로운 설정이지만 중반 전개는 조금 느리게 느껴졌다.,2025-02-27T12:31:07Z,neutral,false,103,en
URV000244,USR0061,MOV0192,VEW000724,3.5,장단점이 뚜렷한 Comedy,영상은 인상적이었지만 이야기의 밀도는 평범했다.,2023-09-11T06:07:58Z,neutral,false,64,ko
URV000245,USR0062,MOV0097,VEW000733,4.5,다시 보고 싶은 “까마귀 첨탑: 연대기”,"예상보다 섬세하고 따뜻했다, 친구에게 추천하고 싶다.",2026-05-04T02:28:07Z,positive,false,259,ko
URV000246,USR0062,MOV0143,VEW000734,2.5,장단점이 뚜렷한 Thriller,흥미로운 설정이지만 중반 전개는 조금 느리게 느껴졌다.,2025-10-21T13:06:35Z,neutral,false,233,ko
URV000247,USR0062,MOV0027,VEW000735,2,아쉬움이 남은 달의 대장간: 연대기,기대했던 긴장감이 부족해 집중하기 어려웠다.,2023-11-26T12:35:57Z,negative,false,312,ko
URV000248,USR0062,MOV0023,VEW000736,3.5,장단점이 뚜렷한 Thriller,흥미로운 설정이지만 중반 전개는 조금 느리게 느껴졌다.,2025-01-22T09:26:36Z,neutral,false,310,ko
URV000249,USR0063,MOV0114,VEW000745,3.5,장단점이 뚜렷한 Science Fiction,영상은 인상적이었지만 이야기의 밀도는 평범했다.,2025-09-26T13:41:49Z,neutral,false,227,ko
URV000250,USR0063,MOV0183,VEW000746,2,아쉬움이 남은 비취 주파수: 항해,아이디어는 좋았지만 인물의 선택이 충분히 설득력 있지 않았다.,2025-07-20T21:05:36Z,negative,false,34,ko
URV000251,USR0063,MOV0194,VEW000747,4,다시 보고 싶은 “진홍 항구: 규약”,배우들의 호흡과 음악이 잘 어우러져 다시 보고 싶다.,2025-12-20T16:02:55Z,positive,false,234,ko
URV000252,USR0063,MOV0098,VEW000748,3.5,장단점이 뚜렷한 Animation,흥미로운 설정이지만 중반 전개는 조금 느리게 느껴졌다.,2026-03-09T00:06:41Z,neutral,false,38,en
URV000253,USR0064,MOV0163,VEW000757,2.5,장단점이 뚜렷한 Thriller,흥미로운 설정이지만 중반 전개는 조금 느리게 느껴졌다.,2025-09-29T19:47:21Z,neutral,false,338,ko
URV000254,USR0064,MOV0104,VEW000758,3,장단점이 뚜렷한 Science Fiction,흥미로운 설정이지만 중반 전개는 조금 느리게 느껴졌다.,2026-03-07T07:52:03Z,neutral,false,328,ko
URV000255,USR0064,MOV0014,VEW000759,4,다시 보고 싶은 “푸른 궤도: 규약”,배우들의 호흡과 음악이 잘 어우러져 다시 보고 싶다.,2024-12-30T08:31:50Z,positive,false,319,ko
URV000256,USR0064,MOV0058,VEW000760,1.5,아쉬움이 남은 안개의 도시: 별자리,아이디어는 좋았지만 인물의 선택이 충분히 설득력 있지 않았다.,2022-08-19T16:55:02Z,negative,false,136,ko
URV000257,USR0065,MOV0077,VEW000769,3.5,장단점이 뚜렷한 Documentary,영상은 인상적이었지만 이야기의 밀도는 평범했다.,2025-10-08T13:40:20Z,neutral,false,20,ko
URV000258,USR0065,MOV0014,VEW000770,3.5,장단점이 뚜렷한 Science Fiction,장점과 단점이 분명했다. 한 번쯤 볼 만한 작품이다.,2024-06-27T05:21:08Z,neutral,false,197,ko
URV000259,USR0065,MOV0145,VEW000771,2.5,장단점이 뚜렷한 Romance,장점과 단점이 분명했다. 한 번쯤 볼 만한 작품이다.,2024-11-01T05:49:12Z,neutral,false,27,ko
URV000260,USR0065,MOV0175,VEW000772,2.5,장단점이 뚜렷한 Romance,장점과 단점이 분명했다. 한 번쯤 볼 만한 작품이다.,2025-08-21T03:00:47Z,neutral,false,254,ko
URV000261,USR0066,MOV0167,VEW000781,3.5,장단점이 뚜렷한 Documentary,장점과 단점이 분명했다. 한 번쯤 볼 만한 작품이다.,2023-02-22T20:12:56Z,neutral,false,228,ja
URV000262,USR0066,MOV0158,VEW000782,3,장단점이 뚜렷한 Animation,영상은 인상적이었지만 이야기의 밀도는 평범했다.,2025-05-21T20:04:36Z,neutral,false,151,ko
URV000263,USR0066,MOV0102,VEW000783,4,다시 보고 싶은 “파도의 불씨: 신호”,몰입감이 좋고 마지막 장면의 여운이 길었다.,2026-01-21T11:17:48Z,positive,false,263,ko
URV000264,USR0066,MOV0096,VEW000784,2.5,장단점이 뚜렷한 Action,흥미로운 설정이지만 중반 전개는 조금 느리게 느껴졌다.,2025-10-02T07:46:32Z,neutral,false,26,ko
URV000265,USR0067,MOV0018,VEW000793,4,다시 보고 싶은 “푸른 궤도: 별자리”,"예상보다 섬세하고 따뜻했다, 친구에게 추천하고 싶다.",2024-05-23T20:50:30Z,positive,false,222,pt
URV000266,USR0067,MOV0059,VEW000794,4,다시 보고 싶은 “안개의 도시: 몽상”,배우들의 호흡과 음악이 잘 어우러져 다시 보고 싶다.,2024-06-24T22:28:39Z,positive,false,284,ko
URV000267,USR0067,MOV0113,VEW000795,2.5,장단점이 뚜렷한 Thriller,장점과 단점이 분명했다. 한 번쯤 볼 만한 작품이다.,2025-12-08T22:39:23Z,neutral,false,131,ko
URV000268,USR0067,MOV0053,VEW000796,3,장단점이 뚜렷한 Thriller,영상은 인상적이었지만 이야기의 밀도는 평범했다.,2026-05-24T04:37:25Z,neutral,false,178,ko
URV000269,USR0068,MOV0070,VEW000805,2.5,장단점이 뚜렷한 Horror,장점과 단점이 분명했다. 한 번쯤 볼 만한 작품이다.,2026-04-25T08:21:01Z,neutral,false,222,ko
URV000270,USR0068,MOV0012,VEW000806,1.5,아쉬움이 남은 푸른 궤도: 신호,기대했던 긴장감이 부족해 집중하기 어려웠다.,2026-06-12T03:02:46Z,negative,true,221,ko
URV000271,USR0068,MOV0146,VEW000807,3,장단점이 뚜렷한 Action,흥미로운 설정이지만 중반 전개는 조금 느리게 느껴졌다.,2026-03-04T21:12:20Z,neutral,false,205,ko
URV000272,USR0068,MOV0153,VEW000808,2.5,장단점이 뚜렷한 Thriller,장점과 단점이 분명했다. 한 번쯤 볼 만한 작품이다.,2026-02-21T21:52:24Z,neutral,false,72,ko
URV000273,USR0069,MOV0061,VEW000817,2.5,장단점이 뚜렷한 Drama,영상은 인상적이었지만 이야기의 밀도는 평범했다.,2026-07-06T03:16:29Z,neutral,false,201,en
URV000274,USR0069,MOV0048,VEW000818,3,장단점이 뚜렷한 Animation,장점과 단점이 분명했다. 한 번쯤 볼 만한 작품이다.,2024-06-25T18:03:52Z,neutral,false,41,ko
URV000275,USR0069,MOV0149,VEW000819,3,장단점이 뚜렷한 Fantasy,흥미로운 설정이지만 중반 전개는 조금 느리게 느껴졌다.,2024-05-01T07:46:47Z,neutral,false,121,ko
URV000276,USR0069,MOV0067,VEW000820,4,다시 보고 싶은 “오리온 골짜기: 연대기”,"예상보다 섬세하고 따뜻했다, 친구에게 추천하고 싶다.",2025-12-09T21:45:53Z,positive,false,130,en
URV000277,USR0070,MOV0060,VEW000829,2,아쉬움이 남은 안개의 도시: 교차점,전개가 반복적이고 결말이 급하게 마무리된 느낌이다.,2026-07-18T09:24:59Z,negative,true,162,ko
URV000278,USR0070,MOV0050,VEW000830,1,아쉬움이 남은 고요한 항로: 교차점,아이디어는 좋았지만 인물의 선택이 충분히 설득력 있지 않았다.,2026-04-04T03:31:16Z,negative,false,338,ko
URV000279,USR0070,MOV0187,VEW000831,4,다시 보고 싶은 “비취 주파수: 연대기”,몰입감이 좋고 마지막 장면의 여운이 길었다.,2025-04-16T22:10:31Z,positive,false,76,ko
URV000280,USR0070,MOV0028,VEW000832,1.5,아쉬움이 남은 달의 대장간: 별자리,기대했던 긴장감이 부족해 집중하기 어려웠다.,2025-12-30T22:55:23Z,negative,false,1,ko
URV000281,USR0071,MOV0003,VEW000841,3,장단점이 뚜렷한 Thriller,흥미로운 설정이지만 중반 전개는 조금 느리게 느껴졌다.,2026-02-27T19:47:45Z,neutral,false,212,ko
URV000282,USR0071,MOV0183,VEW000842,1.5,아쉬움이 남은 비취 주파수: 항해,전개가 반복적이고 결말이 급하게 마무리된 느낌이다.,2025-08-26T11:30:53Z,negative,false,337,en
URV000283,USR0071,MOV0034,VEW000843,2.5,장단점이 뚜렷한 Science Fiction,장점과 단점이 분명했다. 한 번쯤 볼 만한 작품이다.,2025-07-23T05:29:11Z,neutral,true,117,ko
URV000284,USR0071,MOV0009,VEW000844,3,장단점이 뚜렷한 Fantasy,흥미로운 설정이지만 중반 전개는 조금 느리게 느껴졌다.,2025-12-18T03:06:13Z,neutral,false,232,ko
URV000285,USR0072,MOV0039,VEW000853,1,아쉬움이 남은 잿빛 파도: 몽상,아이디어는 좋았지만 인물의 선택이 충분히 설득력 있지 않았다.,2024-07-24T04:28:56Z,negative,false,175,ko
URV000286,USR0072,MOV0068,VEW000854,3,장단점이 뚜렷한 Animation,흥미로운 설정이지만 중반 전개는 조금 느리게 느껴졌다.,2026-01-14T14:10:29Z,neutral,false,85,ko
URV000287,USR0072,MOV0161,VEW000855,3,장단점이 뚜렷한 Drama,장점과 단점이 분명했다. 한 번쯤 볼 만한 작품이다.,2025-08-24T10:28:16Z,neutral,false,268,ko
URV000288,USR0072,MOV0035,VEW000856,4.5,다시 보고 싶은 “잿빛 파도: 정원”,배우들의 호흡과 음악이 잘 어우러져 다시 보고 싶다.,2026-05-18T10:18:40Z,positive,false,182,ko
URV000289,USR0073,MOV0043,VEW000865,3.5,장단점이 뚜렷한 Thriller,흥미로운 설정이지만 중반 전개는 조금 느리게 느껴졌다.,2025-07-21T16:34:54Z,neutral,false,254,ko
URV000290,USR0073,MOV0151,VEW000866,3.5,장단점이 뚜렷한 Drama,장점과 단점이 분명했다. 한 번쯤 볼 만한 작품이다.,2026-07-02T16:50:27Z,neutral,false,32,en
URV000291,USR0073,MOV0090,VEW000867,2.5,장단점이 뚜렷한 Horror,영상은 인상적이었지만 이야기의 밀도는 평범했다.,2026-01-04T17:58:11Z,neutral,false,84,ko
URV000292,USR0073,MOV0092,VEW000868,3.5,장단점이 뚜렷한 Comedy,영상은 인상적이었지만 이야기의 밀도는 평범했다.,2026-05-30T19:56:25Z,neutral,false,281,ko
URV000293,USR0074,MOV0038,VEW000877,2.5,장단점이 뚜렷한 Animation,장점과 단점이 분명했다. 한 번쯤 볼 만한 작품이다.,2026-07-12T10:22:04Z,neutral,false,121,ko
URV000294,USR0074,MOV0195,VEW000878,3.5,장단점이 뚜렷한 Romance,흥미로운 설정이지만 중반 전개는 조금 느리게 느껴졌다.,2026-02-20T23:27:12Z,neutral,false,347,ko
URV000295,USR0074,MOV0098,VEW000879,3,장단점이 뚜렷한 Animation,흥미로운 설정이지만 중반 전개는 조금 느리게 느껴졌다.,2026-05-18T22:02:22Z,neutral,false,138,ko
URV000296,USR0074,MOV0028,VEW000880,2,아쉬움이 남은 달의 대장간: 별자리,전개가 반복적이고 결말이 급하게 마무리된 느낌이다.,2025-05-31T18:46:37Z,negative,false,344,hi
URV000297,USR0075,MOV0031,VEW000889,3,장단점이 뚜렷한 Drama,영상은 인상적이었지만 이야기의 밀도는 평범했다.,2024-09-19T21:42:21Z,neutral,false,119,de
URV000298,USR0075,MOV0066,VEW000890,2.5,장단점이 뚜렷한 Action,흥미로운 설정이지만 중반 전개는 조금 느리게 느껴졌다.,2025-07-15T02:04:08Z,neutral,false,328,ko
URV000299,USR0075,MOV0078,VEW000891,2,아쉬움이 남은 메아리 항구: 별자리,전개가 반복적이고 결말이 급하게 마무리된 느낌이다.,2026-06-10T10:46:24Z,negative,false,326,ko
URV000300,USR0075,MOV0164,VEW000892,1.5,아쉬움이 남은 빈 프리즘: 규약,기대했던 긴장감이 부족해 집중하기 어려웠다.,2026-07-15T01:06:13Z,negative,true,39,de
URV000301,USR0076,MOV0037,VEW000901,3,장단점이 뚜렷한 Documentary,흥미로운 설정이지만 중반 전개는 조금 느리게 느껴졌다.,2026-01-17T13:31:39Z,neutral,true,251,ja
URV000302,USR0076,MOV0049,VEW000902,3,장단점이 뚜렷한 Fantasy,영상은 인상적이었지만 이야기의 밀도는 평범했다.,2026-01-26T14:53:06Z,neutral,false,344,ko
URV000303,USR0076,MOV0005,VEW000903,3.5,장단점이 뚜렷한 Romance,흥미로운 설정이지만 중반 전개는 조금 느리게 느껴졌다.,2025-12-24T05:54:34Z,neutral,false,350,ko
URV000304,USR0076,MOV0176,VEW000904,3.5,장단점이 뚜렷한 Action,영상은 인상적이었지만 이야기의 밀도는 평범했다.,2026-04-30T16:04:19Z,neutral,false,52,ko
URV000305,USR0077,MOV0045,VEW000913,1.5,아쉬움이 남은 고요한 항로: 정원,아이디어는 좋았지만 인물의 선택이 충분히 설득력 있지 않았다.,2025-08-03T20:08:21Z,negative,false,268,ko
URV000306,USR0077,MOV0163,VEW000914,3.5,장단점이 뚜렷한 Thriller,흥미로운 설정이지만 중반 전개는 조금 느리게 느껴졌다.,2026-01-09T22:02:17Z,neutral,false,289,ko
URV000307,USR0077,MOV0005,VEW000915,3,장단점이 뚜렷한 Romance,장점과 단점이 분명했다. 한 번쯤 볼 만한 작품이다.,2024-02-22T14:25:49Z,neutral,false,113,ko
URV000308,USR0077,MOV0074,VEW000916,2.5,장단점이 뚜렷한 Science Fiction,영상은 인상적이었지만 이야기의 밀도는 평범했다.,2023-06-15T16:06:02Z,neutral,false,168,ko
URV000309,USR0078,MOV0030,VEW000925,2,아쉬움이 남은 달의 대장간: 교차점,기대했던 긴장감이 부족해 집중하기 어려웠다.,2025-02-16T06:45:37Z,negative,false,215,ko
URV000310,USR0078,MOV0037,VEW000926,4.5,다시 보고 싶은 “잿빛 파도: 연대기”,몰입감이 좋고 마지막 장면의 여운이 길었다.,2024-12-17T23:01:04Z,positive,true,295,ko
URV000311,USR0078,MOV0125,VEW000927,2,아쉬움이 남은 황조롱이의 새벽: 정원,전개가 반복적이고 결말이 급하게 마무리된 느낌이다.,2026-05-12T18:07:21Z,negative,false,205,ko
URV000312,USR0078,MOV0016,VEW000928,2,아쉬움이 남은 푸른 궤도: 역설,아이디어는 좋았지만 인물의 선택이 충분히 설득력 있지 않았다.,2026-02-14T11:39:56Z,negative,false,247,ko
URV000313,USR0079,MOV0137,VEW000937,3,장단점이 뚜렷한 Documentary,영상은 인상적이었지만 이야기의 밀도는 평범했다.,2026-02-03T03:07:03Z,neutral,false,180,ko
URV000314,USR0079,MOV0133,VEW000938,2,아쉬움이 남은 내일의 유리: 항해,전개가 반복적이고 결말이 급하게 마무리된 느낌이다.,2025-11-21T14:18:02Z,negative,false,104,ko
URV000315,USR0079,MOV0196,VEW000939,4,다시 보고 싶은 “진홍 항구: 역설”,배우들의 호흡과 음악이 잘 어우러져 다시 보고 싶다.,2026-04-28T08:28:08Z,positive,false,90,ko
URV000316,USR0079,MOV0082,VEW000940,2.5,장단점이 뚜렷한 Comedy,영상은 인상적이었지만 이야기의 밀도는 평범했다.,2024-10-14T18:30:14Z,neutral,false,281,en
URV000317,USR0080,MOV0200,VEW000949,3.5,장단점이 뚜렷한 Horror,영상은 인상적이었지만 이야기의 밀도는 평범했다.,2026-02-10T22:11:20Z,neutral,false,104,ko
URV000318,USR0080,MOV0052,VEW000950,2.5,장단점이 뚜렷한 Comedy,흥미로운 설정이지만 중반 전개는 조금 느리게 느껴졌다.,2026-03-14T21:27:13Z,neutral,false,22,ko
URV000319,USR0080,MOV0197,VEW000951,2,아쉬움이 남은 진홍 항구: 연대기,아이디어는 좋았지만 인물의 선택이 충분히 설득력 있지 않았다.,2026-01-10T08:36:25Z,negative,false,337,ko
URV000320,USR0080,MOV0017,VEW000952,3,장단점이 뚜렷한 Documentary,흥미로운 설정이지만 중반 전개는 조금 느리게 느껴졌다.,2024-05-09T05:07:56Z,neutral,false,255,ko
URV000321,USR0081,MOV0006,VEW000961,4.5,다시 보고 싶은 “별비: 역설”,"예상보다 섬세하고 따뜻했다, 친구에게 추천하고 싶다.",2025-10-27T11:10:30Z,positive,false,318,ko
URV000322,USR0081,MOV0002,VEW000962,2.5,장단점이 뚜렷한 Comedy,흥미로운 설정이지만 중반 전개는 조금 느리게 느껴졌다.,2026-03-09T22:11:23Z,neutral,false,217,ko
URV000323,USR0081,MOV0078,VEW000963,3,장단점이 뚜렷한 Animation,흥미로운 설정이지만 중반 전개는 조금 느리게 느껴졌다.,2026-03-23T07:24:49Z,neutral,false,135,ko
URV000324,USR0081,MOV0190,VEW000964,3,장단점이 뚜렷한 Horror,흥미로운 설정이지만 중반 전개는 조금 느리게 느껴졌다.,2025-12-18T18:19:15Z,neutral,false,201,ko
URV000325,USR0082,MOV0152,VEW000973,1.5,아쉬움이 남은 호박빛 회로: 신호,기대했던 긴장감이 부족해 집중하기 어려웠다.,2025-12-23T16:28:00Z,negative,false,333,ko
URV000326,USR0082,MOV0093,VEW000974,1.5,아쉬움이 남은 까마귀 첨탑: 항해,아이디어는 좋았지만 인물의 선택이 충분히 설득력 있지 않았다.,2025-04-12T08:22:41Z,negative,false,276,ko
URV000327,USR0082,MOV0023,VEW000975,3.5,장단점이 뚜렷한 Thriller,영상은 인상적이었지만 이야기의 밀도는 평범했다.,2026-06-07T12:12:26Z,neutral,false,137,ko
URV000328,USR0082,MOV0048,VEW000976,2,아쉬움이 남은 고요한 항로: 별자리,전개가 반복적이고 결말이 급하게 마무리된 느낌이다.,2026-01-01T10:30:32Z,negative,false,154,ko
URV000329,USR0083,MOV0048,VEW000985,2.5,장단점이 뚜렷한 Animation,장점과 단점이 분명했다. 한 번쯤 볼 만한 작품이다.,2024-04-29T23:44:42Z,neutral,false,345,ko
URV000330,USR0083,MOV0118,VEW000986,3.5,장단점이 뚜렷한 Animation,장점과 단점이 분명했다. 한 번쯤 볼 만한 작품이다.,2026-04-26T13:28:23Z,neutral,false,49,ko
URV000331,USR0083,MOV0024,VEW000987,3,장단점이 뚜렷한 Science Fiction,장점과 단점이 분명했다. 한 번쯤 볼 만한 작품이다.,2024-06-08T15:22:55Z,neutral,false,54,ko
URV000332,USR0083,MOV0111,VEW000988,2,아쉬움이 남은 새별 들판: 기록,기대했던 긴장감이 부족해 집중하기 어려웠다.,2024-12-15T16:05:16Z,negative,false,285,ko
URV000333,USR0084,MOV0144,VEW000997,1.5,아쉬움이 남은 은빛 자오선: 규약,전개가 반복적이고 결말이 급하게 마무리된 느낌이다.,2026-07-07T09:52:29Z,negative,true,21,ko
URV000334,USR0084,MOV0014,VEW000998,3,장단점이 뚜렷한 Science Fiction,장점과 단점이 분명했다. 한 번쯤 볼 만한 작품이다.,2026-05-14T11:54:49Z,neutral,false,328,hi
URV000335,USR0084,MOV0059,VEW000999,4,다시 보고 싶은 “안개의 도시: 몽상”,배우들의 호흡과 음악이 잘 어우러져 다시 보고 싶다.,2026-03-28T18:38:05Z,positive,false,59,ko
URV000336,USR0084,MOV0183,VEW001000,1,아쉬움이 남은 비취 주파수: 항해,기대했던 긴장감이 부족해 집중하기 어려웠다.,2026-07-08T12:34:34Z,negative,false,68,ko
URV000337,USR0085,MOV0048,VEW001009,2.5,장단점이 뚜렷한 Animation,장점과 단점이 분명했다. 한 번쯤 볼 만한 작품이다.,2024-07-18T14:10:22Z,neutral,false,222,ko
URV000338,USR0085,MOV0199,VEW001010,3,장단점이 뚜렷한 Fantasy,흥미로운 설정이지만 중반 전개는 조금 느리게 느껴졌다.,2026-06-24T04:48:53Z,neutral,false,300,ko
URV000339,USR0085,MOV0166,VEW001011,2,아쉬움이 남은 빈 프리즘: 역설,아이디어는 좋았지만 인물의 선택이 충분히 설득력 있지 않았다.,2026-05-17T22:17:06Z,negative,false,87,ko
URV000340,USR0085,MOV0131,VEW001012,3,장단점이 뚜렷한 Drama,흥미로운 설정이지만 중반 전개는 조금 느리게 느껴졌다.,2026-06-05T20:49:45Z,neutral,false,54,ko
URV000341,USR0086,MOV0175,VEW001021,2.5,장단점이 뚜렷한 Romance,영상은 인상적이었지만 이야기의 밀도는 평범했다.,2025-09-18T21:24:30Z,neutral,true,66,ja
URV000342,USR0086,MOV0092,VEW001022,4,다시 보고 싶은 “까마귀 첨탑: 신호”,배우들의 호흡과 음악이 잘 어우러져 다시 보고 싶다.,2023-11-19T10:03:55Z,positive,false,326,ko
URV000343,USR0086,MOV0097,VEW001023,4.5,다시 보고 싶은 “까마귀 첨탑: 연대기”,배우들의 호흡과 음악이 잘 어우러져 다시 보고 싶다.,2025-12-19T04:40:55Z,positive,true,194,ko
URV000344,USR0086,MOV0110,VEW001024,2.5,장단점이 뚜렷한 Horror,흥미로운 설정이지만 중반 전개는 조금 느리게 느껴졌다.,2026-07-11T00:11:40Z,neutral,false,255,ko
URV000345,USR0087,MOV0061,VEW001033,2.5,장단점이 뚜렷한 Drama,장점과 단점이 분명했다. 한 번쯤 볼 만한 작품이다.,2026-03-05T12:26:46Z,neutral,false,186,ko
URV000346,USR0087,MOV0112,VEW001034,3.5,장단점이 뚜렷한 Comedy,영상은 인상적이었지만 이야기의 밀도는 평범했다.,2024-07-10T14:35:14Z,neutral,false,344,ko
URV000347,USR0087,MOV0036,VEW001035,3.5,장단점이 뚜렷한 Action,영상은 인상적이었지만 이야기의 밀도는 평범했다.,2025-08-29T16:32:17Z,neutral,false,63,ko
URV000348,USR0087,MOV0016,VEW001036,2,아쉬움이 남은 푸른 궤도: 역설,전개가 반복적이고 결말이 급하게 마무리된 느낌이다.,2025-09-05T14:48:05Z,negative,true,325,ko
URV000349,USR0088,MOV0064,VEW001045,2,아쉬움이 남은 오리온 골짜기: 규약,아이디어는 좋았지만 인물의 선택이 충분히 설득력 있지 않았다.,2025-03-17T06:44:04Z,negative,false,279,ko
URV000350,USR0088,MOV0076,VEW001046,3.5,장단점이 뚜렷한 Action,영상은 인상적이었지만 이야기의 밀도는 평범했다.,2026-07-14T05:48:56Z,neutral,false,247,ko
URV000351,USR0088,MOV0187,VEW001047,3,장단점이 뚜렷한 Documentary,영상은 인상적이었지만 이야기의 밀도는 평범했다.,2024-06-30T22:46:33Z,neutral,false,295,ko
URV000352,USR0088,MOV0173,VEW001048,2,아쉬움이 남은 겨울 지도: 항해,전개가 반복적이고 결말이 급하게 마무리된 느낌이다.,2025-10-19T02:58:40Z,negative,false,228,ko
URV000353,USR0089,MOV0028,VEW001057,2,아쉬움이 남은 달의 대장간: 별자리,아이디어는 좋았지만 인물의 선택이 충분히 설득력 있지 않았다.,2025-09-14T23:25:44Z,negative,false,219,ko
URV000354,USR0089,MOV0068,VEW001058,2.5,장단점이 뚜렷한 Animation,흥미로운 설정이지만 중반 전개는 조금 느리게 느껴졌다.,2026-01-01T07:23:58Z,neutral,false,21,ko
URV000355,USR0089,MOV0139,VEW001059,2,아쉬움이 남은 내일의 유리: 몽상,전개가 반복적이고 결말이 급하게 마무리된 느낌이다.,2025-08-10T06:05:44Z,negative,false,96,en
URV000356,USR0089,MOV0062,VEW001060,3.5,장단점이 뚜렷한 Comedy,장점과 단점이 분명했다. 한 번쯤 볼 만한 작품이다.,2026-05-12T22:41:25Z,neutral,false,213,ko
URV000357,USR0090,MOV0064,VEW001069,2.5,장단점이 뚜렷한 Science Fiction,영상은 인상적이었지만 이야기의 밀도는 평범했다.,2026-06-30T23:02:50Z,neutral,false,304,ko
URV000358,USR0090,MOV0118,VEW001070,3.5,장단점이 뚜렷한 Animation,장점과 단점이 분명했다. 한 번쯤 볼 만한 작품이다.,2026-06-05T14:41:37Z,neutral,false,48,ko
URV000359,USR0090,MOV0019,VEW001071,3,장단점이 뚜렷한 Fantasy,영상은 인상적이었지만 이야기의 밀도는 평범했다.,2023-11-06T15:28:01Z,neutral,true,82,ko
URV000360,USR0090,MOV0065,VEW001072,1,아쉬움이 남은 오리온 골짜기: 정원,기대했던 긴장감이 부족해 집중하기 어려웠다.,2025-11-20T06:53:22Z,negative,false,109,ko
URV000361,USR0091,MOV0003,VEW001081,3,장단점이 뚜렷한 Thriller,영상은 인상적이었지만 이야기의 밀도는 평범했다.,2026-01-26T19:23:35Z,neutral,false,328,ko
URV000362,USR0091,MOV0129,VEW001082,3.5,장단점이 뚜렷한 Fantasy,흥미로운 설정이지만 중반 전개는 조금 느리게 느껴졌다.,2026-01-06T07:12:42Z,neutral,false,111,ko
URV000363,USR0091,MOV0049,VEW001083,3.5,장단점이 뚜렷한 Fantasy,장점과 단점이 분명했다. 한 번쯤 볼 만한 작품이다.,2025-11-23T09:25:51Z,neutral,false,327,en
URV000364,USR0091,MOV0097,VEW001084,4.5,다시 보고 싶은 “까마귀 첨탑: 연대기”,"예상보다 섬세하고 따뜻했다, 친구에게 추천하고 싶다.",2026-02-28T08:20:20Z,positive,false,207,ko
URV000365,USR0092,MOV0140,VEW001093,2.5,장단점이 뚜렷한 Horror,영상은 인상적이었지만 이야기의 밀도는 평범했다.,2026-01-11T13:19:39Z,neutral,false,283,ko
URV000366,USR0092,MOV0178,VEW001094,1.5,아쉬움이 남은 겨울 지도: 별자리,아이디어는 좋았지만 인물의 선택이 충분히 설득력 있지 않았다.,2026-05-10T10:13:39Z,negative,false,104,ko
URV000367,USR0092,MOV0054,VEW001095,1.5,아쉬움이 남은 안개의 도시: 규약,전개가 반복적이고 결말이 급하게 마무리된 느낌이다.,2026-05-14T03:28:36Z,negative,false,336,ko
URV000368,USR0092,MOV0123,VEW001096,3,장단점이 뚜렷한 Thriller,영상은 인상적이었지만 이야기의 밀도는 평범했다.,2024-02-18T04:32:51Z,neutral,true,273,ko
URV000369,USR0093,MOV0019,VEW001105,4,다시 보고 싶은 “푸른 궤도: 몽상”,배우들의 호흡과 음악이 잘 어우러져 다시 보고 싶다.,2025-12-08T20:04:43Z,positive,false,92,ko
URV000370,USR0093,MOV0095,VEW001106,2,아쉬움이 남은 까마귀 첨탑: 정원,기대했던 긴장감이 부족해 집중하기 어려웠다.,2025-11-05T06:39:47Z,negative,false,84,ko
URV000371,USR0093,MOV0004,VEW001107,3.5,장단점이 뚜렷한 Science Fiction,장점과 단점이 분명했다. 한 번쯤 볼 만한 작품이다.,2023-05-26T20:07:18Z,neutral,false,166,ko
URV000372,USR0093,MOV0032,VEW001108,3,장단점이 뚜렷한 Comedy,장점과 단점이 분명했다. 한 번쯤 볼 만한 작품이다.,2026-01-05T00:53:45Z,neutral,false,248,ko
URV000373,USR0094,MOV0190,VEW001117,2.5,장단점이 뚜렷한 Horror,영상은 인상적이었지만 이야기의 밀도는 평범했다.,2022-12-01T13:13:01Z,neutral,false,344,ko
URV000374,USR0094,MOV0100,VEW001118,3,장단점이 뚜렷한 Horror,흥미로운 설정이지만 중반 전개는 조금 느리게 느껴졌다.,2025-06-29T17:18:26Z,neutral,false,331,ko
URV000375,USR0094,MOV0200,VEW001119,3,장단점이 뚜렷한 Horror,영상은 인상적이었지만 이야기의 밀도는 평범했다.,2025-12-24T08:35:12Z,neutral,false,275,ko
URV000376,USR0094,MOV0079,VEW001120,3.5,장단점이 뚜렷한 Fantasy,영상은 인상적이었지만 이야기의 밀도는 평범했다.,2026-01-18T16:09:33Z,neutral,false,340,ko
URV000377,USR0095,MOV0007,VEW001129,2.5,장단점이 뚜렷한 Documentary,흥미로운 설정이지만 중반 전개는 조금 느리게 느껴졌다.,2024-10-19T20:51:25Z,neutral,false,328,ko
URV000378,USR0095,MOV0130,VEW001130,2.5,장단점이 뚜렷한 Horror,흥미로운 설정이지만 중반 전개는 조금 느리게 느껴졌다.,2023-07-20T09:01:37Z,neutral,false,212,de
URV000379,USR0095,MOV0183,VEW001131,1,아쉬움이 남은 비취 주파수: 항해,전개가 반복적이고 결말이 급하게 마무리된 느낌이다.,2026-01-15T13:58:46Z,negative,true,35,ko
URV000380,USR0095,MOV0019,VEW001132,3.5,장단점이 뚜렷한 Fantasy,영상은 인상적이었지만 이야기의 밀도는 평범했다.,2023-09-05T12:50:09Z,neutral,true,309,ko
URV000381,USR0096,MOV0042,VEW001141,2,아쉬움이 남은 고요한 항로: 신호,기대했던 긴장감이 부족해 집중하기 어려웠다.,2026-02-28T23:15:18Z,negative,false,124,ko
URV000382,USR0096,MOV0114,VEW001142,3.5,장단점이 뚜렷한 Science Fiction,흥미로운 설정이지만 중반 전개는 조금 느리게 느껴졌다.,2026-07-08T04:33:57Z,neutral,false,124,ko
URV000383,USR0096,MOV0035,VEW001143,4.5,다시 보고 싶은 “잿빛 파도: 정원”,배우들의 호흡과 음악이 잘 어우러져 다시 보고 싶다.,2025-03-29T22:22:55Z,positive,false,145,ko
URV000384,USR0096,MOV0045,VEW001144,2.5,장단점이 뚜렷한 Romance,영상은 인상적이었지만 이야기의 밀도는 평범했다.,2025-09-06T04:18:05Z,neutral,false,303,ko
URV000385,USR0097,MOV0122,VEW001153,3,장단점이 뚜렷한 Comedy,흥미로운 설정이지만 중반 전개는 조금 느리게 느껴졌다.,2025-12-12T14:56:07Z,neutral,false,141,ko
URV000386,USR0097,MOV0137,VEW001154,4,다시 보고 싶은 “내일의 유리: 연대기”,몰입감이 좋고 마지막 장면의 여운이 길었다.,2026-06-03T10:52:19Z,positive,false,159,ko
URV000387,USR0097,MOV0134,VEW001155,2.5,장단점이 뚜렷한 Science Fiction,영상은 인상적이었지만 이야기의 밀도는 평범했다.,2025-01-19T00:49:21Z,neutral,false,285,ko
URV000388,USR0097,MOV0167,VEW001156,3,장단점이 뚜렷한 Documentary,흥미로운 설정이지만 중반 전개는 조금 느리게 느껴졌다.,2023-07-11T19:39:04Z,neutral,false,323,ko
URV000389,USR0098,MOV0018,VEW001165,3.5,장단점이 뚜렷한 Animation,장점과 단점이 분명했다. 한 번쯤 볼 만한 작품이다.,2025-07-10T11:58:26Z,neutral,false,80,ko
URV000390,USR0098,MOV0028,VEW001166,2.5,장단점이 뚜렷한 Animation,흥미로운 설정이지만 중반 전개는 조금 느리게 느껴졌다.,2025-06-04T23:29:10Z,neutral,true,199,ko
URV000391,USR0098,MOV0013,VEW001167,3,장단점이 뚜렷한 Thriller,흥미로운 설정이지만 중반 전개는 조금 느리게 느껴졌다.,2023-10-15T10:33:45Z,neutral,false,35,ko
URV000392,USR0098,MOV0056,VEW001168,3.5,장단점이 뚜렷한 Action,장점과 단점이 분명했다. 한 번쯤 볼 만한 작품이다.,2023-06-04T05:28:27Z,neutral,false,84,ko
URV000393,USR0099,MOV0080,VEW001177,3.5,장단점이 뚜렷한 Horror,흥미로운 설정이지만 중반 전개는 조금 느리게 느껴졌다.,2023-05-16T09:37:49Z,neutral,false,348,ko
URV000394,USR0099,MOV0104,VEW001178,4,다시 보고 싶은 “파도의 불씨: 규약”,"예상보다 섬세하고 따뜻했다, 친구에게 추천하고 싶다.",2026-03-22T06:28:17Z,positive,true,1,ko
URV000395,USR0099,MOV0200,VEW001179,3.5,장단점이 뚜렷한 Horror,영상은 인상적이었지만 이야기의 밀도는 평범했다.,2026-03-29T23:09:15Z,neutral,false,311,en
URV000396,USR0099,MOV0054,VEW001180,2,아쉬움이 남은 안개의 도시: 규약,기대했던 긴장감이 부족해 집중하기 어려웠다.,2025-11-21T07:10:58Z,negative,false,330,en
URV000397,USR0100,MOV0142,VEW001189,2.5,장단점이 뚜렷한 Comedy,장점과 단점이 분명했다. 한 번쯤 볼 만한 작품이다.,2026-04-23T08:41:02Z,neutral,false,168,ko
URV000398,USR0100,MOV0172,VEW001190,1.5,아쉬움이 남은 겨울 지도: 신호,전개가 반복적이고 결말이 급하게 마무리된 느낌이다.,2026-05-29T02:19:56Z,negative,false,327,ko
URV000399,USR0100,MOV0108,VEW001191,2.5,장단점이 뚜렷한 Animation,장점과 단점이 분명했다. 한 번쯤 볼 만한 작품이다.,2026-06-27T12:21:53Z,neutral,true,105,ko
URV000400,USR0100,MOV0137,VEW001192,4.5,다시 보고 싶은 “내일의 유리: 연대기”,몰입감이 좋고 마지막 장면의 여운이 길었다.,2025-05-28T00:34:16Z,positive,false,71,ko
URV000401,USR0101,MOV0014,VEW001201,3.5,장단점이 뚜렷한 Science Fiction,흥미로운 설정이지만 중반 전개는 조금 느리게 느껴졌다.,2025-10-29T19:21:05Z,neutral,false,111,en
URV000402,USR0101,MOV0148,VEW001202,4.5,다시 보고 싶은 “은빛 자오선: 별자리”,몰입감이 좋고 마지막 장면의 여운이 길었다.,2025-09-09T05:45:58Z,positive,false,173,ko
URV000403,USR0101,MOV0197,VEW001203,3,장단점이 뚜렷한 Documentary,장점과 단점이 분명했다. 한 번쯤 볼 만한 작품이다.,2025-11-29T03:51:46Z,neutral,false,2,ko
URV000404,USR0102,MOV0194,VEW001213,3.5,장단점이 뚜렷한 Science Fiction,영상은 인상적이었지만 이야기의 밀도는 평범했다.,2026-01-10T23:25:21Z,neutral,true,62,fr
URV000405,USR0102,MOV0106,VEW001214,1.5,아쉬움이 남은 파도의 불씨: 역설,기대했던 긴장감이 부족해 집중하기 어려웠다.,2026-03-08T09:28:55Z,negative,false,258,ko
URV000406,USR0102,MOV0102,VEW001215,4,다시 보고 싶은 “파도의 불씨: 신호”,"예상보다 섬세하고 따뜻했다, 친구에게 추천하고 싶다.",2025-05-22T11:47:56Z,positive,true,86,ko
URV000407,USR0103,MOV0175,VEW001225,3,장단점이 뚜렷한 Romance,흥미로운 설정이지만 중반 전개는 조금 느리게 느껴졌다.,2025-02-23T14:33:02Z,neutral,true,275,ko
URV000408,USR0103,MOV0090,VEW001226,3,장단점이 뚜렷한 Horror,영상은 인상적이었지만 이야기의 밀도는 평범했다.,2025-11-13T12:52:14Z,neutral,false,327,ko
URV000409,USR0103,MOV0057,VEW001227,2.5,장단점이 뚜렷한 Documentary,흥미로운 설정이지만 중반 전개는 조금 느리게 느껴졌다.,2026-04-03T20:11:26Z,neutral,false,242,ko
URV000410,USR0104,MOV0177,VEW001237,1.5,아쉬움이 남은 겨울 지도: 연대기,기대했던 긴장감이 부족해 집중하기 어려웠다.,2026-07-17T06:21:42Z,negative,false,22,ko
URV000411,USR0104,MOV0108,VEW001238,3,장단점이 뚜렷한 Animation,장점과 단점이 분명했다. 한 번쯤 볼 만한 작품이다.,2026-05-25T04:37:40Z,neutral,true,6,hi
URV000412,USR0104,MOV0153,VEW001239,3.5,장단점이 뚜렷한 Thriller,영상은 인상적이었지만 이야기의 밀도는 평범했다.,2026-06-06T05:58:59Z,neutral,false,219,ko
URV000413,USR0105,MOV0091,VEW001249,3.5,장단점이 뚜렷한 Drama,장점과 단점이 분명했다. 한 번쯤 볼 만한 작품이다.,2025-12-12T20:18:18Z,neutral,false,213,ko
URV000414,USR0105,MOV0001,VEW001250,4.5,다시 보고 싶은 “별비: 기록”,배우들의 호흡과 음악이 잘 어우러져 다시 보고 싶다.,2025-07-10T22:21:17Z,positive,false,196,ko
URV000415,USR0105,MOV0064,VEW001251,2,아쉬움이 남은 오리온 골짜기: 규약,전개가 반복적이고 결말이 급하게 마무리된 느낌이다.,2026-07-11T19:13:32Z,negative,false,318,ko
URV000416,USR0106,MOV0103,VEW001261,2,아쉬움이 남은 파도의 불씨: 항해,기대했던 긴장감이 부족해 집중하기 어려웠다.,2024-10-27T14:30:32Z,negative,false,214,ko
URV000417,USR0106,MOV0033,VEW001262,2,아쉬움이 남은 잿빛 파도: 항해,기대했던 긴장감이 부족해 집중하기 어려웠다.,2024-09-28T05:59:52Z,negative,false,42,ko
URV000418,USR0106,MOV0049,VEW001263,3.5,장단점이 뚜렷한 Fantasy,장점과 단점이 분명했다. 한 번쯤 볼 만한 작품이다.,2024-05-11T11:51:39Z,neutral,false,162,ko
URV000419,USR0107,MOV0026,VEW001273,2.5,장단점이 뚜렷한 Action,영상은 인상적이었지만 이야기의 밀도는 평범했다.,2025-12-26T06:39:50Z,neutral,false,85,pt
URV000420,USR0107,MOV0048,VEW001274,3,장단점이 뚜렷한 Animation,흥미로운 설정이지만 중반 전개는 조금 느리게 느껴졌다.,2026-01-25T04:52:46Z,neutral,false,263,ko
URV000421,USR0107,MOV0176,VEW001275,2.5,장단점이 뚜렷한 Action,장점과 단점이 분명했다. 한 번쯤 볼 만한 작품이다.,2026-04-11T15:49:07Z,neutral,false,271,ko
URV000422,USR0108,MOV0092,VEW001285,4.5,다시 보고 싶은 “까마귀 첨탑: 신호”,몰입감이 좋고 마지막 장면의 여운이 길었다.,2025-01-22T09:24:36Z,positive,false,96,ko
URV000423,USR0108,MOV0123,VEW001286,3,장단점이 뚜렷한 Thriller,장점과 단점이 분명했다. 한 번쯤 볼 만한 작품이다.,2026-04-14T00:00:19Z,neutral,false,253,ko
URV000424,USR0108,MOV0139,VEW001287,1.5,아쉬움이 남은 내일의 유리: 몽상,아이디어는 좋았지만 인물의 선택이 충분히 설득력 있지 않았다.,2024-05-23T08:20:00Z,negative,false,306,ko
URV000425,USR0109,MOV0011,VEW001297,2,아쉬움이 남은 푸른 궤도: 기록,아이디어는 좋았지만 인물의 선택이 충분히 설득력 있지 않았다.,2025-12-14T04:28:06Z,negative,false,209,ko
URV000426,USR0109,MOV0051,VEW001298,1,아쉬움이 남은 안개의 도시: 기록,기대했던 긴장감이 부족해 집중하기 어려웠다.,2025-12-29T11:56:36Z,negative,false,141,ko
URV000427,USR0109,MOV0158,VEW001299,4,다시 보고 싶은 “호박빛 회로: 별자리”,"예상보다 섬세하고 따뜻했다, 친구에게 추천하고 싶다.",2026-03-25T17:55:32Z,positive,false,244,ko
URV000428,USR0110,MOV0193,VEW001309,1.5,아쉬움이 남은 진홍 항구: 항해,전개가 반복적이고 결말이 급하게 마무리된 느낌이다.,2026-07-08T03:54:20Z,negative,true,51,ko
URV000429,USR0110,MOV0059,VEW001310,4.5,다시 보고 싶은 “안개의 도시: 몽상”,배우들의 호흡과 음악이 잘 어우러져 다시 보고 싶다.,2025-04-19T02:34:15Z,positive,true,15,ko
URV000430,USR0110,MOV0156,VEW001311,3.5,장단점이 뚜렷한 Action,장점과 단점이 분명했다. 한 번쯤 볼 만한 작품이다.,2026-06-18T21:35:40Z,neutral,false,65,ko
URV000431,USR0111,MOV0194,VEW001321,4,다시 보고 싶은 “진홍 항구: 규약”,배우들의 호흡과 음악이 잘 어우러져 다시 보고 싶다.,2025-04-22T23:30:18Z,positive,false,92,ko
URV000432,USR0111,MOV0027,VEW001322,2.5,장단점이 뚜렷한 Documentary,영상은 인상적이었지만 이야기의 밀도는 평범했다.,2023-04-09T13:58:48Z,neutral,false,302,ko
URV000433,USR0111,MOV0073,VEW001323,3.5,장단점이 뚜렷한 Thriller,영상은 인상적이었지만 이야기의 밀도는 평범했다.,2025-11-04T18:02:03Z,neutral,false,186,ko
URV000434,USR0112,MOV0097,VEW001333,4.5,다시 보고 싶은 “까마귀 첨탑: 연대기”,몰입감이 좋고 마지막 장면의 여운이 길었다.,2026-02-20T05:01:30Z,positive,false,298,fr
URV000435,USR0112,MOV0047,VEW001334,2.5,장단점이 뚜렷한 Documentary,영상은 인상적이었지만 이야기의 밀도는 평범했다.,2026-04-22T19:32:37Z,neutral,false,221,ko
URV000436,USR0112,MOV0160,VEW001335,2.5,장단점이 뚜렷한 Horror,장점과 단점이 분명했다. 한 번쯤 볼 만한 작품이다.,2026-02-20T02:42:43Z,neutral,false,244,ko
URV000437,USR0113,MOV0127,VEW001345,3.5,장단점이 뚜렷한 Documentary,영상은 인상적이었지만 이야기의 밀도는 평범했다.,2025-02-13T09:10:58Z,neutral,false,348,ko
URV000438,USR0113,MOV0157,VEW001346,4,다시 보고 싶은 “호박빛 회로: 연대기”,"예상보다 섬세하고 따뜻했다, 친구에게 추천하고 싶다.",2024-08-31T07:56:28Z,positive,false,38,ko
URV000439,USR0113,MOV0142,VEW001347,2.5,장단점이 뚜렷한 Comedy,영상은 인상적이었지만 이야기의 밀도는 평범했다.,2024-10-26T07:00:16Z,neutral,false,343,ko
URV000440,USR0114,MOV0101,VEW001357,2,아쉬움이 남은 파도의 불씨: 기록,기대했던 긴장감이 부족해 집중하기 어려웠다.,2024-03-15T23:17:46Z,negative,true,271,hi
URV000441,USR0114,MOV0129,VEW001358,3,장단점이 뚜렷한 Fantasy,영상은 인상적이었지만 이야기의 밀도는 평범했다.,2025-06-22T02:39:15Z,neutral,false,246,ko
URV000442,USR0114,MOV0057,VEW001359,2,아쉬움이 남은 안개의 도시: 연대기,아이디어는 좋았지만 인물의 선택이 충분히 설득력 있지 않았다.,2024-10-22T16:23:55Z,negative,false,206,ko
URV000443,USR0115,MOV0188,VEW001369,2.5,장단점이 뚜렷한 Animation,장점과 단점이 분명했다. 한 번쯤 볼 만한 작품이다.,2026-05-27T06:58:37Z,neutral,false,349,ko
URV000444,USR0115,MOV0156,VEW001370,2,아쉬움이 남은 호박빛 회로: 역설,전개가 반복적이고 결말이 급하게 마무리된 느낌이다.,2024-12-24T04:27:25Z,negative,true,7,de
URV000445,USR0115,MOV0021,VEW001371,2,아쉬움이 남은 달의 대장간: 기록,전개가 반복적이고 결말이 급하게 마무리된 느낌이다.,2022-02-24T00:52:56Z,negative,false,198,ko
URV000446,USR0116,MOV0160,VEW001381,3,장단점이 뚜렷한 Horror,장점과 단점이 분명했다. 한 번쯤 볼 만한 작품이다.,2025-10-23T14:59:10Z,neutral,false,284,ko
URV000447,USR0116,MOV0074,VEW001382,2.5,장단점이 뚜렷한 Science Fiction,영상은 인상적이었지만 이야기의 밀도는 평범했다.,2025-12-21T21:23:05Z,neutral,true,32,ko
URV000448,USR0116,MOV0065,VEW001383,2.5,장단점이 뚜렷한 Romance,흥미로운 설정이지만 중반 전개는 조금 느리게 느껴졌다.,2025-12-29T22:34:47Z,neutral,false,183,ko
URV000449,USR0117,MOV0172,VEW001393,2.5,장단점이 뚜렷한 Comedy,영상은 인상적이었지만 이야기의 밀도는 평범했다.,2026-06-14T16:50:00Z,neutral,true,136,ko
URV000450,USR0117,MOV0186,VEW001394,2,아쉬움이 남은 비취 주파수: 역설,아이디어는 좋았지만 인물의 선택이 충분히 설득력 있지 않았다.,2026-05-21T01:01:07Z,negative,false,127,ko
URV000451,USR0117,MOV0052,VEW001395,2.5,장단점이 뚜렷한 Comedy,흥미로운 설정이지만 중반 전개는 조금 느리게 느껴졌다.,2025-11-27T00:35:22Z,neutral,true,301,pt
URV000452,USR0118,MOV0155,VEW001405,3.5,장단점이 뚜렷한 Romance,영상은 인상적이었지만 이야기의 밀도는 평범했다.,2024-12-22T09:42:27Z,neutral,false,291,ko
URV000453,USR0118,MOV0123,VEW001406,2.5,장단점이 뚜렷한 Thriller,영상은 인상적이었지만 이야기의 밀도는 평범했다.,2023-09-30T02:00:08Z,neutral,false,261,ko
URV000454,USR0118,MOV0069,VEW001407,2,아쉬움이 남은 오리온 골짜기: 몽상,아이디어는 좋았지만 인물의 선택이 충분히 설득력 있지 않았다.,2024-10-20T15:39:40Z,negative,false,145,ko
URV000455,USR0119,MOV0198,VEW001417,1.5,아쉬움이 남은 진홍 항구: 별자리,기대했던 긴장감이 부족해 집중하기 어려웠다.,2024-08-17T01:34:56Z,negative,false,280,en
URV000456,USR0119,MOV0058,VEW001418,1.5,아쉬움이 남은 안개의 도시: 별자리,기대했던 긴장감이 부족해 집중하기 어려웠다.,2025-07-26T05:25:15Z,negative,false,282,en
URV000457,USR0119,MOV0178,VEW001419,2,아쉬움이 남은 겨울 지도: 별자리,전개가 반복적이고 결말이 급하게 마무리된 느낌이다.,2026-05-10T23:34:15Z,negative,false,256,ko
URV000458,USR0120,MOV0031,VEW001429,3,장단점이 뚜렷한 Drama,흥미로운 설정이지만 중반 전개는 조금 느리게 느껴졌다.,2024-12-25T17:43:57Z,neutral,false,53,ko
URV000459,USR0120,MOV0108,VEW001430,3.5,장단점이 뚜렷한 Animation,흥미로운 설정이지만 중반 전개는 조금 느리게 느껴졌다.,2026-06-20T20:10:00Z,neutral,true,333,ko
URV000460,USR0120,MOV0009,VEW001431,3.5,장단점이 뚜렷한 Fantasy,영상은 인상적이었지만 이야기의 밀도는 평범했다.,2025-11-03T23:00:36Z,neutral,false,215,ko
URV000461,USR0121,MOV0178,VEW001441,1,아쉬움이 남은 겨울 지도: 별자리,기대했던 긴장감이 부족해 집중하기 어려웠다.,2026-06-01T12:40:55Z,negative,false,81,ko
URV000462,USR0121,MOV0112,VEW001442,4.5,다시 보고 싶은 “새별 들판: 신호”,몰입감이 좋고 마지막 장면의 여운이 길었다.,2025-03-02T07:15:07Z,positive,true,56,ko
URV000463,USR0121,MOV0102,VEW001443,2.5,장단점이 뚜렷한 Comedy,장점과 단점이 분명했다. 한 번쯤 볼 만한 작품이다.,2024-06-26T10:54:27Z,neutral,false,76,ko
URV000464,USR0122,MOV0132,VEW001453,2.5,장단점이 뚜렷한 Comedy,흥미로운 설정이지만 중반 전개는 조금 느리게 느껴졌다.,2024-01-06T14:29:10Z,neutral,true,40,ko
URV000465,USR0122,MOV0059,VEW001454,3,장단점이 뚜렷한 Fantasy,장점과 단점이 분명했다. 한 번쯤 볼 만한 작품이다.,2026-06-28T16:55:52Z,neutral,false,24,ko
URV000466,USR0122,MOV0144,VEW001455,1,아쉬움이 남은 은빛 자오선: 규약,아이디어는 좋았지만 인물의 선택이 충분히 설득력 있지 않았다.,2024-04-04T18:40:09Z,negative,false,157,ko
URV000467,USR0123,MOV0130,VEW001465,3.5,장단점이 뚜렷한 Horror,장점과 단점이 분명했다. 한 번쯤 볼 만한 작품이다.,2025-07-09T10:18:01Z,neutral,false,196,ko
URV000468,USR0123,MOV0118,VEW001466,3.5,장단점이 뚜렷한 Animation,영상은 인상적이었지만 이야기의 밀도는 평범했다.,2026-05-26T06:04:46Z,neutral,false,225,ko
URV000469,USR0123,MOV0053,VEW001467,2.5,장단점이 뚜렷한 Thriller,흥미로운 설정이지만 중반 전개는 조금 느리게 느껴졌다.,2026-07-22T06:44:35Z,neutral,false,235,en
URV000470,USR0124,MOV0069,VEW001477,2,아쉬움이 남은 오리온 골짜기: 몽상,아이디어는 좋았지만 인물의 선택이 충분히 설득력 있지 않았다.,2026-07-07T22:10:12Z,negative,false,148,ko
URV000471,USR0124,MOV0171,VEW001478,2,아쉬움이 남은 겨울 지도: 기록,아이디어는 좋았지만 인물의 선택이 충분히 설득력 있지 않았다.,2024-11-05T11:45:12Z,negative,false,28,ko
URV000472,USR0124,MOV0064,VEW001479,2.5,장단점이 뚜렷한 Science Fiction,흥미로운 설정이지만 중반 전개는 조금 느리게 느껴졌다.,2025-12-19T20:20:19Z,neutral,false,51,hi
URV000473,USR0125,MOV0065,VEW001489,1.5,아쉬움이 남은 오리온 골짜기: 정원,기대했던 긴장감이 부족해 집중하기 어려웠다.,2026-03-09T18:13:09Z,negative,false,234,de
URV000474,USR0125,MOV0144,VEW001490,1,아쉬움이 남은 은빛 자오선: 규약,아이디어는 좋았지만 인물의 선택이 충분히 설득력 있지 않았다.,2026-04-19T18:35:56Z,negative,false,213,ko
URV000475,USR0125,MOV0089,VEW001491,3,장단점이 뚜렷한 Fantasy,흥미로운 설정이지만 중반 전개는 조금 느리게 느껴졌다.,2026-01-19T16:17:18Z,neutral,false,160,ko
URV000476,USR0126,MOV0166,VEW001501,2.5,장단점이 뚜렷한 Action,장점과 단점이 분명했다. 한 번쯤 볼 만한 작품이다.,2026-03-02T23:21:11Z,neutral,false,112,ko
URV000477,USR0126,MOV0082,VEW001502,2,아쉬움이 남은 빛의 수호자: 신호,기대했던 긴장감이 부족해 집중하기 어려웠다.,2025-01-23T03:46:37Z,negative,true,159,ja
URV000478,USR0126,MOV0001,VEW001503,4.5,다시 보고 싶은 “별비: 기록”,몰입감이 좋고 마지막 장면의 여운이 길었다.,2026-04-14T07:10:32Z,positive,false,279,ko
URV000479,USR0127,MOV0123,VEW001513,3,장단점이 뚜렷한 Thriller,영상은 인상적이었지만 이야기의 밀도는 평범했다.,2026-03-13T09:23:15Z,neutral,false,66,ko
URV000480,USR0127,MOV0061,VEW001514,2,아쉬움이 남은 오리온 골짜기: 기록,아이디어는 좋았지만 인물의 선택이 충분히 설득력 있지 않았다.,2023-03-17T18:32:41Z,negative,false,198,ko
URV000481,USR0127,MOV0068,VEW001515,2.5,장단점이 뚜렷한 Animation,영상은 인상적이었지만 이야기의 밀도는 평범했다.,2026-05-27T08:11:04Z,neutral,false,84,ko
URV000482,USR0128,MOV0096,VEW001525,2.5,장단점이 뚜렷한 Action,장점과 단점이 분명했다. 한 번쯤 볼 만한 작품이다.,2024-04-08T00:59:13Z,neutral,true,186,ko
URV000483,USR0128,MOV0038,VEW001526,4,다시 보고 싶은 “잿빛 파도: 별자리”,몰입감이 좋고 마지막 장면의 여운이 길었다.,2026-02-17T13:46:45Z,positive,false,251,ko
URV000484,USR0128,MOV0009,VEW001527,4.5,다시 보고 싶은 “별비: 몽상”,몰입감이 좋고 마지막 장면의 여운이 길었다.,2026-03-03T15:24:54Z,positive,false,99,en
URV000485,USR0129,MOV0078,VEW001537,3,장단점이 뚜렷한 Animation,흥미로운 설정이지만 중반 전개는 조금 느리게 느껴졌다.,2026-01-29T19:39:35Z,neutral,false,273,ko
URV000486,USR0129,MOV0055,VEW001538,3,장단점이 뚜렷한 Romance,영상은 인상적이었지만 이야기의 밀도는 평범했다.,2026-02-15T09:55:15Z,neutral,false,333,ko
URV000487,USR0129,MOV0079,VEW001539,4,다시 보고 싶은 “메아리 항구: 몽상”,"예상보다 섬세하고 따뜻했다, 친구에게 추천하고 싶다.",2025-04-29T06:52:57Z,positive,false,115,ko
URV000488,USR0130,MOV0080,VEW001549,4.5,다시 보고 싶은 “메아리 항구: 교차점”,몰입감이 좋고 마지막 장면의 여운이 길었다.,2026-05-26T12:01:40Z,positive,false,114,ko
URV000489,USR0130,MOV0138,VEW001550,3.5,장단점이 뚜렷한 Animation,흥미로운 설정이지만 중반 전개는 조금 느리게 느껴졌다.,2025-08-18T06:33:16Z,neutral,false,272,ko
URV000490,USR0130,MOV0057,VEW001551,2.5,장단점이 뚜렷한 Documentary,장점과 단점이 분명했다. 한 번쯤 볼 만한 작품이다.,2025-02-01T22:29:14Z,neutral,false,201,ko
URV000491,USR0131,MOV0057,VEW001561,3.5,장단점이 뚜렷한 Documentary,장점과 단점이 분명했다. 한 번쯤 볼 만한 작품이다.,2026-01-23T05:42:11Z,neutral,false,137,ko
URV000492,USR0131,MOV0083,VEW001562,3,장단점이 뚜렷한 Thriller,장점과 단점이 분명했다. 한 번쯤 볼 만한 작품이다.,2026-03-12T13:23:24Z,neutral,false,177,ko
URV000493,USR0131,MOV0105,VEW001563,1.5,아쉬움이 남은 파도의 불씨: 정원,전개가 반복적이고 결말이 급하게 마무리된 느낌이다.,2026-05-19T01:18:28Z,negative,false,272,ko
URV000494,USR0132,MOV0120,VEW001573,1,아쉬움이 남은 새별 들판: 교차점,전개가 반복적이고 결말이 급하게 마무리된 느낌이다.,2025-03-11T22:42:33Z,negative,false,19,ko
URV000495,USR0132,MOV0081,VEW001574,1.5,아쉬움이 남은 빛의 수호자: 기록,기대했던 긴장감이 부족해 집중하기 어려웠다.,2025-02-06T12:56:39Z,negative,false,98,ko
URV000496,USR0132,MOV0176,VEW001575,3.5,장단점이 뚜렷한 Action,흥미로운 설정이지만 중반 전개는 조금 느리게 느껴졌다.,2026-04-10T13:36:01Z,neutral,false,267,fr
URV000497,USR0133,MOV0001,VEW001585,4.5,다시 보고 싶은 “별비: 기록”,몰입감이 좋고 마지막 장면의 여운이 길었다.,2024-11-20T22:37:44Z,positive,false,340,ko
URV000498,USR0133,MOV0083,VEW001586,3.5,장단점이 뚜렷한 Thriller,흥미로운 설정이지만 중반 전개는 조금 느리게 느껴졌다.,2022-12-29T13:18:37Z,neutral,false,130,ko
URV000499,USR0133,MOV0012,VEW001587,1,아쉬움이 남은 푸른 궤도: 신호,기대했던 긴장감이 부족해 집중하기 어려웠다.,2025-03-27T22:22:17Z,negative,false,133,en
URV000500,USR0134,MOV0108,VEW001597,3,장단점이 뚜렷한 Animation,영상은 인상적이었지만 이야기의 밀도는 평범했다.,2026-07-03T11:01:25Z,neutral,false,161,ko
URV000501,USR0134,MOV0071,VEW001598,3.5,장단점이 뚜렷한 Drama,흥미로운 설정이지만 중반 전개는 조금 느리게 느껴졌다.,2024-11-07T12:59:40Z,neutral,false,193,ko
URV000502,USR0134,MOV0163,VEW001599,2,아쉬움이 남은 빈 프리즘: 항해,기대했던 긴장감이 부족해 집중하기 어려웠다.,2026-02-21T15:15:36Z,negative,true,72,ko
URV000503,USR0135,MOV0126,VEW001609,2,아쉬움이 남은 황조롱이의 새벽: 역설,전개가 반복적이고 결말이 급하게 마무리된 느낌이다.,2026-07-19T13:10:41Z,negative,true,139,ko
URV000504,USR0135,MOV0119,VEW001610,3,장단점이 뚜렷한 Fantasy,장점과 단점이 분명했다. 한 번쯤 볼 만한 작품이다.,2026-06-21T11:44:06Z,neutral,false,69,ko
URV000505,USR0135,MOV0062,VEW001611,2.5,장단점이 뚜렷한 Comedy,흥미로운 설정이지만 중반 전개는 조금 느리게 느껴졌다.,2026-05-30T07:05:59Z,neutral,false,129,ko
URV000506,USR0136,MOV0196,VEW001621,4,다시 보고 싶은 “진홍 항구: 역설”,배우들의 호흡과 음악이 잘 어우러져 다시 보고 싶다.,2025-07-11T23:33:16Z,positive,false,246,ko
URV000507,USR0136,MOV0121,VEW001622,2,아쉬움이 남은 황조롱이의 새벽: 기록,아이디어는 좋았지만 인물의 선택이 충분히 설득력 있지 않았다.,2026-05-24T21:20:09Z,negative,false,298,ko
URV000508,USR0136,MOV0158,VEW001623,3,장단점이 뚜렷한 Animation,흥미로운 설정이지만 중반 전개는 조금 느리게 느껴졌다.,2026-06-18T21:08:19Z,neutral,false,136,ko
URV000509,USR0137,MOV0016,VEW001633,1.5,아쉬움이 남은 푸른 궤도: 역설,전개가 반복적이고 결말이 급하게 마무리된 느낌이다.,2026-05-03T23:00:45Z,negative,false,128,ko
URV000510,USR0137,MOV0200,VEW001634,4,다시 보고 싶은 “진홍 항구: 교차점”,배우들의 호흡과 음악이 잘 어우러져 다시 보고 싶다.,2025-09-14T22:41:52Z,positive,false,57,ko
URV000511,USR0137,MOV0169,VEW001635,2.5,장단점이 뚜렷한 Fantasy,흥미로운 설정이지만 중반 전개는 조금 느리게 느껴졌다.,2026-06-25T19:50:46Z,neutral,false,45,ko
URV000512,USR0138,MOV0084,VEW001645,3,장단점이 뚜렷한 Science Fiction,영상은 인상적이었지만 이야기의 밀도는 평범했다.,2026-05-25T22:35:40Z,neutral,false,312,ko
URV000513,USR0138,MOV0002,VEW001646,3,장단점이 뚜렷한 Comedy,영상은 인상적이었지만 이야기의 밀도는 평범했다.,2026-05-19T06:39:43Z,neutral,false,270,ko
URV000514,USR0138,MOV0170,VEW001647,1.5,아쉬움이 남은 빈 프리즘: 교차점,전개가 반복적이고 결말이 급하게 마무리된 느낌이다.,2025-08-14T23:27:30Z,negative,false,89,en
URV000515,USR0139,MOV0161,VEW001657,3.5,장단점이 뚜렷한 Drama,장점과 단점이 분명했다. 한 번쯤 볼 만한 작품이다.,2026-06-29T13:19:27Z,neutral,false,80,en
URV000516,USR0139,MOV0043,VEW001658,3,장단점이 뚜렷한 Thriller,영상은 인상적이었지만 이야기의 밀도는 평범했다.,2026-05-03T00:19:31Z,neutral,false,95,ko
URV000517,USR0139,MOV0027,VEW001659,3,장단점이 뚜렷한 Documentary,장점과 단점이 분명했다. 한 번쯤 볼 만한 작품이다.,2025-11-15T11:23:38Z,neutral,false,74,ko
URV000518,USR0140,MOV0135,VEW001669,3.5,장단점이 뚜렷한 Romance,영상은 인상적이었지만 이야기의 밀도는 평범했다.,2026-02-21T05:45:10Z,neutral,false,242,ko
URV000519,USR0140,MOV0136,VEW001670,3.5,장단점이 뚜렷한 Action,흥미로운 설정이지만 중반 전개는 조금 느리게 느껴졌다.,2025-09-06T11:58:59Z,neutral,false,76,ko
URV000520,USR0140,MOV0130,VEW001671,2,아쉬움이 남은 황조롱이의 새벽: 교차점,기대했던 긴장감이 부족해 집중하기 어려웠다.,2026-05-06T13:51:51Z,negative,false,141,ko
URV000521,USR0141,MOV0197,VEW001681,2.5,장단점이 뚜렷한 Documentary,영상은 인상적이었지만 이야기의 밀도는 평범했다.,2025-07-04T22:12:42Z,neutral,false,18,ko
URV000522,USR0141,MOV0122,VEW001682,3.5,장단점이 뚜렷한 Comedy,영상은 인상적이었지만 이야기의 밀도는 평범했다.,2026-01-27T19:58:54Z,neutral,false,210,ko
URV000523,USR0141,MOV0166,VEW001683,2,아쉬움이 남은 빈 프리즘: 역설,전개가 반복적이고 결말이 급하게 마무리된 느낌이다.,2026-05-13T03:47:42Z,negative,false,56,ko
URV000524,USR0142,MOV0018,VEW001693,3.5,장단점이 뚜렷한 Animation,영상은 인상적이었지만 이야기의 밀도는 평범했다.,2025-03-23T20:41:23Z,neutral,false,64,fr
URV000525,USR0142,MOV0160,VEW001694,3,장단점이 뚜렷한 Horror,장점과 단점이 분명했다. 한 번쯤 볼 만한 작품이다.,2025-08-20T21:03:52Z,neutral,false,342,ko
URV000526,USR0142,MOV0092,VEW001695,3.5,장단점이 뚜렷한 Comedy,장점과 단점이 분명했다. 한 번쯤 볼 만한 작품이다.,2025-07-28T22:22:38Z,neutral,false,171,ko
URV000527,USR0143,MOV0036,VEW001705,4,다시 보고 싶은 “잿빛 파도: 역설”,"예상보다 섬세하고 따뜻했다, 친구에게 추천하고 싶다.",2025-05-26T06:27:04Z,positive,false,289,ko
URV000528,USR0143,MOV0047,VEW001706,2,아쉬움이 남은 고요한 항로: 연대기,기대했던 긴장감이 부족해 집중하기 어려웠다.,2025-03-17T19:33:43Z,negative,true,280,ko
URV000529,USR0143,MOV0100,VEW001707,2.5,장단점이 뚜렷한 Horror,흥미로운 설정이지만 중반 전개는 조금 느리게 느껴졌다.,2025-03-21T05:17:24Z,neutral,false,208,en
URV000530,USR0144,MOV0022,VEW001717,3,장단점이 뚜렷한 Comedy,흥미로운 설정이지만 중반 전개는 조금 느리게 느껴졌다.,2025-03-07T16:55:29Z,neutral,false,7,ko
URV000531,USR0144,MOV0111,VEW001718,3,장단점이 뚜렷한 Drama,장점과 단점이 분명했다. 한 번쯤 볼 만한 작품이다.,2025-07-18T06:42:08Z,neutral,false,72,ko
URV000532,USR0144,MOV0083,VEW001719,3.5,장단점이 뚜렷한 Thriller,흥미로운 설정이지만 중반 전개는 조금 느리게 느껴졌다.,2026-04-23T00:08:30Z,neutral,false,166,ko
URV000533,USR0145,MOV0133,VEW001729,2,아쉬움이 남은 내일의 유리: 항해,아이디어는 좋았지만 인물의 선택이 충분히 설득력 있지 않았다.,2024-08-04T05:05:51Z,negative,true,14,ko
URV000534,USR0145,MOV0174,VEW001730,3,장단점이 뚜렷한 Science Fiction,영상은 인상적이었지만 이야기의 밀도는 평범했다.,2025-04-29T00:43:54Z,neutral,false,343,ko
URV000535,USR0145,MOV0168,VEW001731,2.5,장단점이 뚜렷한 Animation,영상은 인상적이었지만 이야기의 밀도는 평범했다.,2026-04-01T05:19:40Z,neutral,false,155,de
URV000536,USR0146,MOV0053,VEW001741,2.5,장단점이 뚜렷한 Thriller,장점과 단점이 분명했다. 한 번쯤 볼 만한 작품이다.,2026-05-03T01:15:14Z,neutral,false,168,ko
URV000537,USR0146,MOV0045,VEW001742,1.5,아쉬움이 남은 고요한 항로: 정원,아이디어는 좋았지만 인물의 선택이 충분히 설득력 있지 않았다.,2025-07-14T02:46:27Z,negative,true,307,ko
URV000538,USR0146,MOV0096,VEW001743,2,아쉬움이 남은 까마귀 첨탑: 역설,아이디어는 좋았지만 인물의 선택이 충분히 설득력 있지 않았다.,2025-05-25T14:21:22Z,negative,true,22,ja
URV000539,USR0147,MOV0101,VEW001753,1,아쉬움이 남은 파도의 불씨: 기록,기대했던 긴장감이 부족해 집중하기 어려웠다.,2025-09-15T17:04:16Z,negative,false,67,ko
URV000540,USR0147,MOV0199,VEW001754,2,아쉬움이 남은 진홍 항구: 몽상,아이디어는 좋았지만 인물의 선택이 충분히 설득력 있지 않았다.,2026-04-20T22:06:27Z,negative,false,203,ko
URV000541,USR0147,MOV0062,VEW001755,3,장단점이 뚜렷한 Comedy,영상은 인상적이었지만 이야기의 밀도는 평범했다.,2026-06-16T09:19:34Z,neutral,false,216,pt
URV000542,USR0148,MOV0175,VEW001765,3.5,장단점이 뚜렷한 Romance,흥미로운 설정이지만 중반 전개는 조금 느리게 느껴졌다.,2025-02-03T16:21:26Z,neutral,false,244,ko
URV000543,USR0148,MOV0024,VEW001766,2.5,장단점이 뚜렷한 Science Fiction,흥미로운 설정이지만 중반 전개는 조금 느리게 느껴졌다.,2024-10-05T02:11:20Z,neutral,false,101,en
URV000544,USR0148,MOV0028,VEW001767,2.5,장단점이 뚜렷한 Animation,장점과 단점이 분명했다. 한 번쯤 볼 만한 작품이다.,2023-04-24T04:25:42Z,neutral,false,90,ko
URV000545,USR0149,MOV0106,VEW001777,1,아쉬움이 남은 파도의 불씨: 역설,기대했던 긴장감이 부족해 집중하기 어려웠다.,2026-06-02T05:57:49Z,negative,false,90,ko
URV000546,USR0149,MOV0117,VEW001778,2.5,장단점이 뚜렷한 Documentary,영상은 인상적이었지만 이야기의 밀도는 평범했다.,2025-12-02T17:41:57Z,neutral,false,202,ko
URV000547,USR0149,MOV0167,VEW001779,3,장단점이 뚜렷한 Documentary,장점과 단점이 분명했다. 한 번쯤 볼 만한 작품이다.,2025-11-20T09:02:47Z,neutral,true,5,ko
URV000548,USR0150,MOV0187,VEW001789,4.5,다시 보고 싶은 “비취 주파수: 연대기”,"예상보다 섬세하고 따뜻했다, 친구에게 추천하고 싶다.",2026-01-29T20:20:23Z,positive,false,159,ko
URV000549,USR0150,MOV0162,VEW001790,1,아쉬움이 남은 빈 프리즘: 신호,전개가 반복적이고 결말이 급하게 마무리된 느낌이다.,2026-06-02T03:50:11Z,negative,false,236,ko
URV000550,USR0150,MOV0182,VEW001791,2.5,장단점이 뚜렷한 Comedy,장점과 단점이 분명했다. 한 번쯤 볼 만한 작품이다.,2023-10-23T13:22:37Z,neutral,false,262,ko
URV000551,USR0151,MOV0009,VEW001801,4,다시 보고 싶은 “별비: 몽상”,"예상보다 섬세하고 따뜻했다, 친구에게 추천하고 싶다.",2026-01-18T22:15:27Z,positive,false,217,ko
URV000552,USR0151,MOV0178,VEW001802,1.5,아쉬움이 남은 겨울 지도: 별자리,기대했던 긴장감이 부족해 집중하기 어려웠다.,2026-07-01T21:16:07Z,negative,false,172,ko
URV000553,USR0151,MOV0138,VEW001803,3,장단점이 뚜렷한 Animation,영상은 인상적이었지만 이야기의 밀도는 평범했다.,2024-11-24T02:07:55Z,neutral,false,144,en
URV000554,USR0152,MOV0132,VEW001813,2.5,장단점이 뚜렷한 Comedy,장점과 단점이 분명했다. 한 번쯤 볼 만한 작품이다.,2026-01-04T01:27:10Z,neutral,false,320,fr
URV000555,USR0152,MOV0080,VEW001814,4.5,다시 보고 싶은 “메아리 항구: 교차점”,몰입감이 좋고 마지막 장면의 여운이 길었다.,2026-04-26T09:48:31Z,positive,false,98,ko
URV000556,USR0152,MOV0043,VEW001815,2.5,장단점이 뚜렷한 Thriller,흥미로운 설정이지만 중반 전개는 조금 느리게 느껴졌다.,2025-10-12T16:37:12Z,neutral,false,282,ko
URV000557,USR0153,MOV0122,VEW001825,4,다시 보고 싶은 “황조롱이의 새벽: 신호”,몰입감이 좋고 마지막 장면의 여운이 길었다.,2024-11-05T01:37:34Z,positive,false,37,ko
URV000558,USR0153,MOV0003,VEW001826,2.5,장단점이 뚜렷한 Thriller,장점과 단점이 분명했다. 한 번쯤 볼 만한 작품이다.,2025-12-13T12:33:02Z,neutral,false,340,ko
URV000559,USR0153,MOV0169,VEW001827,2.5,장단점이 뚜렷한 Fantasy,영상은 인상적이었지만 이야기의 밀도는 평범했다.,2026-06-26T04:22:31Z,neutral,false,147,ko
URV000560,USR0154,MOV0177,VEW001837,1.5,아쉬움이 남은 겨울 지도: 연대기,기대했던 긴장감이 부족해 집중하기 어려웠다.,2025-10-17T22:24:31Z,negative,true,64,ko
URV000561,USR0154,MOV0087,VEW001838,2,아쉬움이 남은 빛의 수호자: 연대기,기대했던 긴장감이 부족해 집중하기 어려웠다.,2026-01-24T11:10:56Z,negative,false,75,ko
URV000562,USR0154,MOV0014,VEW001839,3.5,장단점이 뚜렷한 Science Fiction,장점과 단점이 분명했다. 한 번쯤 볼 만한 작품이다.,2026-07-02T12:02:55Z,neutral,false,121,ko
URV000563,USR0155,MOV0162,VEW001849,2,아쉬움이 남은 빈 프리즘: 신호,아이디어는 좋았지만 인물의 선택이 충분히 설득력 있지 않았다.,2025-07-05T04:45:13Z,negative,false,337,ko
URV000564,USR0155,MOV0007,VEW001850,2.5,장단점이 뚜렷한 Documentary,흥미로운 설정이지만 중반 전개는 조금 느리게 느껴졌다.,2025-01-22T13:04:40Z,neutral,false,256,ko
URV000565,USR0155,MOV0023,VEW001851,2.5,장단점이 뚜렷한 Thriller,장점과 단점이 분명했다. 한 번쯤 볼 만한 작품이다.,2026-02-11T00:02:17Z,neutral,true,168,de
URV000566,USR0156,MOV0044,VEW001861,4.5,다시 보고 싶은 “고요한 항로: 규약”,배우들의 호흡과 음악이 잘 어우러져 다시 보고 싶다.,2025-09-05T23:01:33Z,positive,false,19,ja
URV000567,USR0156,MOV0059,VEW001862,3,장단점이 뚜렷한 Fantasy,흥미로운 설정이지만 중반 전개는 조금 느리게 느껴졌다.,2025-12-09T11:09:44Z,neutral,false,190,ko
URV000568,USR0156,MOV0015,VEW001863,3,장단점이 뚜렷한 Romance,영상은 인상적이었지만 이야기의 밀도는 평범했다.,2026-06-29T15:35:06Z,neutral,true,311,ko
URV000569,USR0157,MOV0027,VEW001873,2,아쉬움이 남은 달의 대장간: 연대기,전개가 반복적이고 결말이 급하게 마무리된 느낌이다.,2024-10-21T16:29:14Z,negative,true,302,ko
URV000570,USR0157,MOV0108,VEW001874,3.5,장단점이 뚜렷한 Animation,장점과 단점이 분명했다. 한 번쯤 볼 만한 작품이다.,2026-04-29T01:44:26Z,neutral,false,143,ko
URV000571,USR0157,MOV0066,VEW001875,1.5,아쉬움이 남은 오리온 골짜기: 역설,전개가 반복적이고 결말이 급하게 마무리된 느낌이다.,2024-04-06T04:58:19Z,negative,false,114,ko
URV000572,USR0158,MOV0043,VEW001885,3.5,장단점이 뚜렷한 Thriller,영상은 인상적이었지만 이야기의 밀도는 평범했다.,2025-11-07T14:48:08Z,neutral,false,268,ko
URV000573,USR0158,MOV0135,VEW001886,3.5,장단점이 뚜렷한 Romance,장점과 단점이 분명했다. 한 번쯤 볼 만한 작품이다.,2025-05-02T16:11:24Z,neutral,false,143,ko
URV000574,USR0158,MOV0049,VEW001887,3,장단점이 뚜렷한 Fantasy,영상은 인상적이었지만 이야기의 밀도는 평범했다.,2026-04-05T00:15:10Z,neutral,true,218,en
URV000575,USR0159,MOV0164,VEW001897,2,아쉬움이 남은 빈 프리즘: 규약,전개가 반복적이고 결말이 급하게 마무리된 느낌이다.,2025-05-06T13:46:46Z,negative,false,45,ko
URV000576,USR0159,MOV0141,VEW001898,2.5,장단점이 뚜렷한 Drama,흥미로운 설정이지만 중반 전개는 조금 느리게 느껴졌다.,2025-12-17T11:56:28Z,neutral,false,204,en
URV000577,USR0159,MOV0127,VEW001899,2.5,장단점이 뚜렷한 Documentary,흥미로운 설정이지만 중반 전개는 조금 느리게 느껴졌다.,2026-05-22T12:50:04Z,neutral,true,342,ko
URV000578,USR0160,MOV0086,VEW001909,2.5,장단점이 뚜렷한 Action,흥미로운 설정이지만 중반 전개는 조금 느리게 느껴졌다.,2025-08-09T11:05:06Z,neutral,false,134,ko
URV000579,USR0160,MOV0069,VEW001910,2.5,장단점이 뚜렷한 Fantasy,영상은 인상적이었지만 이야기의 밀도는 평범했다.,2025-06-06T23:57:12Z,neutral,false,329,ko
URV000580,USR0160,MOV0139,VEW001911,1,아쉬움이 남은 내일의 유리: 몽상,기대했던 긴장감이 부족해 집중하기 어려웠다.,2023-08-09T03:36:53Z,negative,false,141,ko
URV000581,USR0161,MOV0113,VEW001921,3,장단점이 뚜렷한 Thriller,영상은 인상적이었지만 이야기의 밀도는 평범했다.,2025-12-22T20:24:54Z,neutral,false,345,ko
URV000582,USR0161,MOV0120,VEW001922,2,아쉬움이 남은 새별 들판: 교차점,기대했던 긴장감이 부족해 집중하기 어려웠다.,2024-06-26T21:10:51Z,negative,true,159,en
URV000583,USR0161,MOV0108,VEW001923,2.5,장단점이 뚜렷한 Animation,흥미로운 설정이지만 중반 전개는 조금 느리게 느껴졌다.,2026-05-25T20:04:59Z,neutral,false,120,ko
URV000584,USR0162,MOV0050,VEW001933,2,아쉬움이 남은 고요한 항로: 교차점,전개가 반복적이고 결말이 급하게 마무리된 느낌이다.,2026-01-12T20:00:05Z,negative,false,84,fr
URV000585,USR0162,MOV0117,VEW001934,2,아쉬움이 남은 새별 들판: 연대기,아이디어는 좋았지만 인물의 선택이 충분히 설득력 있지 않았다.,2025-12-08T12:08:21Z,negative,false,104,ko
URV000586,USR0162,MOV0109,VEW001935,2,아쉬움이 남은 파도의 불씨: 몽상,아이디어는 좋았지만 인물의 선택이 충분히 설득력 있지 않았다.,2025-03-26T00:53:57Z,negative,false,292,ko
URV000587,USR0163,MOV0185,VEW001945,3,장단점이 뚜렷한 Romance,영상은 인상적이었지만 이야기의 밀도는 평범했다.,2026-05-25T01:37:28Z,neutral,false,136,ko
URV000588,USR0163,MOV0077,VEW001946,3.5,장단점이 뚜렷한 Documentary,영상은 인상적이었지만 이야기의 밀도는 평범했다.,2024-12-31T04:32:38Z,neutral,false,21,ko
URV000589,USR0163,MOV0183,VEW001947,1.5,아쉬움이 남은 비취 주파수: 항해,기대했던 긴장감이 부족해 집중하기 어려웠다.,2026-04-22T20:20:26Z,negative,false,92,ko
URV000590,USR0164,MOV0023,VEW001957,3,장단점이 뚜렷한 Thriller,장점과 단점이 분명했다. 한 번쯤 볼 만한 작품이다.,2026-02-26T16:30:23Z,neutral,false,253,ko
URV000591,USR0164,MOV0067,VEW001958,3,장단점이 뚜렷한 Documentary,장점과 단점이 분명했다. 한 번쯤 볼 만한 작품이다.,2025-12-19T05:50:57Z,neutral,false,264,ko
URV000592,USR0164,MOV0194,VEW001959,4,다시 보고 싶은 “진홍 항구: 규약”,"예상보다 섬세하고 따뜻했다, 친구에게 추천하고 싶다.",2026-04-03T01:10:49Z,positive,false,6,hi
URV000593,USR0165,MOV0028,VEW001969,3,장단점이 뚜렷한 Animation,영상은 인상적이었지만 이야기의 밀도는 평범했다.,2022-07-05T02:59:50Z,neutral,false,257,ko
URV000594,USR0165,MOV0022,VEW001970,2,아쉬움이 남은 달의 대장간: 신호,아이디어는 좋았지만 인물의 선택이 충분히 설득력 있지 않았다.,2022-05-12T15:14:48Z,negative,false,184,ko
URV000595,USR0165,MOV0166,VEW001971,2.5,장단점이 뚜렷한 Action,흥미로운 설정이지만 중반 전개는 조금 느리게 느껴졌다.,2025-10-28T06:22:45Z,neutral,true,285,ko
URV000596,USR0166,MOV0165,VEW001981,1.5,아쉬움이 남은 빈 프리즘: 정원,아이디어는 좋았지만 인물의 선택이 충분히 설득력 있지 않았다.,2025-12-18T04:16:17Z,negative,false,168,ko
URV000597,USR0166,MOV0058,VEW001982,1,아쉬움이 남은 안개의 도시: 별자리,기대했던 긴장감이 부족해 집중하기 어려웠다.,2024-08-02T06:21:55Z,negative,false,61,ko
URV000598,USR0166,MOV0033,VEW001983,3,장단점이 뚜렷한 Thriller,흥미로운 설정이지만 중반 전개는 조금 느리게 느껴졌다.,2025-06-24T10:41:18Z,neutral,false,309,ko
URV000599,USR0167,MOV0034,VEW001993,1.5,아쉬움이 남은 잿빛 파도: 규약,기대했던 긴장감이 부족해 집중하기 어려웠다.,2026-02-03T21:50:49Z,negative,false,224,pt
URV000600,USR0167,MOV0197,VEW001994,2.5,장단점이 뚜렷한 Documentary,흥미로운 설정이지만 중반 전개는 조금 느리게 느껴졌다.,2025-03-10T10:46:00Z,neutral,true,82,ko
URV000601,USR0167,MOV0106,VEW001995,1,아쉬움이 남은 파도의 불씨: 역설,전개가 반복적이고 결말이 급하게 마무리된 느낌이다.,2026-03-26T02:00:24Z,negative,false,32,pt
URV000602,USR0168,MOV0041,VEW002005,3,장단점이 뚜렷한 Drama,장점과 단점이 분명했다. 한 번쯤 볼 만한 작품이다.,2026-07-09T23:37:41Z,neutral,false,331,ko
URV000603,USR0168,MOV0186,VEW002006,2,아쉬움이 남은 비취 주파수: 역설,기대했던 긴장감이 부족해 집중하기 어려웠다.,2026-05-21T07:22:02Z,negative,false,218,ko
URV000604,USR0168,MOV0143,VEW002007,2,아쉬움이 남은 은빛 자오선: 항해,아이디어는 좋았지만 인물의 선택이 충분히 설득력 있지 않았다.,2026-02-08T02:33:29Z,negative,false,150,ko
URV000605,USR0169,MOV0161,VEW002017,3.5,장단점이 뚜렷한 Drama,장점과 단점이 분명했다. 한 번쯤 볼 만한 작품이다.,2025-12-04T07:55:48Z,neutral,false,147,ko
URV000606,USR0169,MOV0056,VEW002018,3,장단점이 뚜렷한 Action,장점과 단점이 분명했다. 한 번쯤 볼 만한 작품이다.,2023-08-14T03:27:42Z,neutral,false,334,ko
URV000607,USR0169,MOV0048,VEW002019,2.5,장단점이 뚜렷한 Animation,영상은 인상적이었지만 이야기의 밀도는 평범했다.,2024-06-22T15:53:50Z,neutral,false,168,ko
URV000608,USR0170,MOV0028,VEW002029,1.5,아쉬움이 남은 달의 대장간: 별자리,아이디어는 좋았지만 인물의 선택이 충분히 설득력 있지 않았다.,2022-11-18T09:16:17Z,negative,false,84,ko
URV000609,USR0170,MOV0012,VEW002030,1.5,아쉬움이 남은 푸른 궤도: 신호,전개가 반복적이고 결말이 급하게 마무리된 느낌이다.,2024-04-13T01:25:55Z,negative,false,348,ko
URV000610,USR0170,MOV0141,VEW002031,3,장단점이 뚜렷한 Drama,장점과 단점이 분명했다. 한 번쯤 볼 만한 작품이다.,2024-12-27T10:42:54Z,neutral,false,162,ko
URV000611,USR0171,MOV0044,VEW002041,3,장단점이 뚜렷한 Science Fiction,흥미로운 설정이지만 중반 전개는 조금 느리게 느껴졌다.,2025-02-17T17:22:45Z,neutral,false,285,ko
URV000612,USR0171,MOV0098,VEW002042,3.5,장단점이 뚜렷한 Animation,흥미로운 설정이지만 중반 전개는 조금 느리게 느껴졌다.,2026-06-10T16:44:32Z,neutral,false,42,ko
URV000613,USR0171,MOV0077,VEW002043,3.5,장단점이 뚜렷한 Documentary,흥미로운 설정이지만 중반 전개는 조금 느리게 느껴졌다.,2025-12-23T03:42:14Z,neutral,false,275,ko
URV000614,USR0172,MOV0096,VEW002053,1,아쉬움이 남은 까마귀 첨탑: 역설,아이디어는 좋았지만 인물의 선택이 충분히 설득력 있지 않았다.,2025-10-30T14:15:58Z,negative,false,346,ko
URV000615,USR0172,MOV0092,VEW002054,3.5,장단점이 뚜렷한 Comedy,영상은 인상적이었지만 이야기의 밀도는 평범했다.,2022-07-24T10:15:21Z,neutral,false,100,ko
URV000616,USR0172,MOV0136,VEW002055,2.5,장단점이 뚜렷한 Action,장점과 단점이 분명했다. 한 번쯤 볼 만한 작품이다.,2026-05-20T01:20:18Z,neutral,false,83,ko
URV000617,USR0173,MOV0026,VEW002065,3,장단점이 뚜렷한 Action,영상은 인상적이었지만 이야기의 밀도는 평범했다.,2024-10-17T21:37:05Z,neutral,false,76,ko
URV000618,USR0173,MOV0195,VEW002066,3.5,장단점이 뚜렷한 Romance,흥미로운 설정이지만 중반 전개는 조금 느리게 느껴졌다.,2025-12-31T17:27:29Z,neutral,false,298,en
URV000619,USR0173,MOV0190,VEW002067,2,아쉬움이 남은 비취 주파수: 교차점,아이디어는 좋았지만 인물의 선택이 충분히 설득력 있지 않았다.,2025-05-11T16:41:31Z,negative,true,152,ko
URV000620,USR0174,MOV0112,VEW002077,3,장단점이 뚜렷한 Comedy,영상은 인상적이었지만 이야기의 밀도는 평범했다.,2025-01-07T15:39:07Z,neutral,false,189,ko
URV000621,USR0174,MOV0106,VEW002078,1,아쉬움이 남은 파도의 불씨: 역설,기대했던 긴장감이 부족해 집중하기 어려웠다.,2026-07-02T18:56:07Z,negative,false,312,ko
URV000622,USR0174,MOV0067,VEW002079,2.5,장단점이 뚜렷한 Documentary,장점과 단점이 분명했다. 한 번쯤 볼 만한 작품이다.,2026-07-11T19:23:01Z,neutral,true,27,ko
URV000623,USR0175,MOV0101,VEW002089,1.5,아쉬움이 남은 파도의 불씨: 기록,전개가 반복적이고 결말이 급하게 마무리된 느낌이다.,2026-03-09T16:53:50Z,negative,false,48,de
URV000624,USR0175,MOV0040,VEW002090,2.5,장단점이 뚜렷한 Horror,장점과 단점이 분명했다. 한 번쯤 볼 만한 작품이다.,2024-09-07T05:09:23Z,neutral,false,3,ko
URV000625,USR0175,MOV0149,VEW002091,4,다시 보고 싶은 “은빛 자오선: 몽상”,몰입감이 좋고 마지막 장면의 여운이 길었다.,2025-04-30T21:54:31Z,positive,false,312,ko
URV000626,USR0176,MOV0119,VEW002101,3,장단점이 뚜렷한 Fantasy,장점과 단점이 분명했다. 한 번쯤 볼 만한 작품이다.,2025-04-12T05:39:49Z,neutral,false,251,ko
URV000627,USR0176,MOV0045,VEW002102,1.5,아쉬움이 남은 고요한 항로: 정원,기대했던 긴장감이 부족해 집중하기 어려웠다.,2024-07-10T09:24:25Z,negative,false,50,ko
URV000628,USR0176,MOV0175,VEW002103,3,장단점이 뚜렷한 Romance,영상은 인상적이었지만 이야기의 밀도는 평범했다.,2024-12-08T19:25:37Z,neutral,true,331,ja
URV000629,USR0177,MOV0135,VEW002113,3.5,장단점이 뚜렷한 Romance,흥미로운 설정이지만 중반 전개는 조금 느리게 느껴졌다.,2025-06-17T18:28:43Z,neutral,false,100,ko
URV000630,USR0177,MOV0191,VEW002114,1,아쉬움이 남은 진홍 항구: 기록,전개가 반복적이고 결말이 급하게 마무리된 느낌이다.,2023-08-23T10:55:35Z,negative,true,105,ko
URV000631,USR0177,MOV0199,VEW002115,2.5,장단점이 뚜렷한 Fantasy,장점과 단점이 분명했다. 한 번쯤 볼 만한 작품이다.,2025-05-25T09:43:04Z,neutral,false,120,ko
URV000632,USR0178,MOV0016,VEW002125,1.5,아쉬움이 남은 푸른 궤도: 역설,아이디어는 좋았지만 인물의 선택이 충분히 설득력 있지 않았다.,2025-11-21T15:00:02Z,negative,false,1,en
URV000633,USR0178,MOV0120,VEW002126,1.5,아쉬움이 남은 새별 들판: 교차점,기대했던 긴장감이 부족해 집중하기 어려웠다.,2025-05-10T22:38:42Z,negative,false,288,ko
URV000634,USR0178,MOV0013,VEW002127,3.5,장단점이 뚜렷한 Thriller,장점과 단점이 분명했다. 한 번쯤 볼 만한 작품이다.,2025-08-27T03:26:31Z,neutral,true,153,ko
URV000635,USR0179,MOV0158,VEW002137,3.5,장단점이 뚜렷한 Animation,흥미로운 설정이지만 중반 전개는 조금 느리게 느껴졌다.,2025-07-05T20:50:57Z,neutral,false,176,ko
URV000636,USR0179,MOV0011,VEW002138,2.5,장단점이 뚜렷한 Drama,영상은 인상적이었지만 이야기의 밀도는 평범했다.,2023-02-03T00:46:51Z,neutral,false,220,ko
URV000637,USR0179,MOV0090,VEW002139,3,장단점이 뚜렷한 Horror,영상은 인상적이었지만 이야기의 밀도는 평범했다.,2025-09-17T05:11:53Z,neutral,true,339,ko
URV000638,USR0180,MOV0074,VEW002149,2.5,장단점이 뚜렷한 Science Fiction,영상은 인상적이었지만 이야기의 밀도는 평범했다.,2025-06-08T07:35:35Z,neutral,false,22,ko
URV000639,USR0180,MOV0126,VEW002150,1,아쉬움이 남은 황조롱이의 새벽: 역설,기대했던 긴장감이 부족해 집중하기 어려웠다.,2026-05-07T12:42:09Z,negative,true,61,ko
URV000640,USR0180,MOV0010,VEW002151,4,다시 보고 싶은 “별비: 교차점”,배우들의 호흡과 음악이 잘 어우러져 다시 보고 싶다.,2025-11-20T16:56:27Z,positive,false,242,ko
URV000641,USR0181,MOV0028,VEW002161,3,장단점이 뚜렷한 Animation,흥미로운 설정이지만 중반 전개는 조금 느리게 느껴졌다.,2024-11-26T10:38:09Z,neutral,false,185,ko
URV000642,USR0181,MOV0027,VEW002162,3.5,장단점이 뚜렷한 Documentary,흥미로운 설정이지만 중반 전개는 조금 느리게 느껴졌다.,2022-04-14T06:38:18Z,neutral,true,72,ko
URV000643,USR0181,MOV0109,VEW002163,2,아쉬움이 남은 파도의 불씨: 몽상,기대했던 긴장감이 부족해 집중하기 어려웠다.,2025-07-27T01:44:30Z,negative,false,261,en
URV000644,USR0182,MOV0105,VEW002173,2.5,장단점이 뚜렷한 Romance,흥미로운 설정이지만 중반 전개는 조금 느리게 느껴졌다.,2024-06-09T11:21:59Z,neutral,false,152,ko
URV000645,USR0182,MOV0061,VEW002174,3,장단점이 뚜렷한 Drama,영상은 인상적이었지만 이야기의 밀도는 평범했다.,2024-10-13T05:28:54Z,neutral,false,63,ko
URV000646,USR0182,MOV0141,VEW002175,3.5,장단점이 뚜렷한 Drama,장점과 단점이 분명했다. 한 번쯤 볼 만한 작품이다.,2024-10-31T04:18:21Z,neutral,true,155,ko
URV000647,USR0183,MOV0070,VEW002185,2,아쉬움이 남은 오리온 골짜기: 교차점,전개가 반복적이고 결말이 급하게 마무리된 느낌이다.,2025-06-07T05:34:27Z,negative,false,326,en
URV000648,USR0183,MOV0084,VEW002186,3.5,장단점이 뚜렷한 Science Fiction,영상은 인상적이었지만 이야기의 밀도는 평범했다.,2026-06-15T01:57:57Z,neutral,false,90,ko
URV000649,USR0183,MOV0152,VEW002187,2,아쉬움이 남은 호박빛 회로: 신호,기대했던 긴장감이 부족해 집중하기 어려웠다.,2025-09-22T21:15:24Z,negative,false,139,ko
URV000650,USR0184,MOV0133,VEW002197,3,장단점이 뚜렷한 Thriller,장점과 단점이 분명했다. 한 번쯤 볼 만한 작품이다.,2026-02-13T19:18:52Z,neutral,false,65,ko
URV000651,USR0184,MOV0099,VEW002198,3.5,장단점이 뚜렷한 Fantasy,영상은 인상적이었지만 이야기의 밀도는 평범했다.,2026-02-14T18:48:55Z,neutral,false,291,ko
URV000652,USR0184,MOV0190,VEW002199,2.5,장단점이 뚜렷한 Horror,흥미로운 설정이지만 중반 전개는 조금 느리게 느껴졌다.,2026-06-05T12:34:37Z,neutral,true,72,ko
URV000653,USR0185,MOV0187,VEW002209,4,다시 보고 싶은 “비취 주파수: 연대기”,"예상보다 섬세하고 따뜻했다, 친구에게 추천하고 싶다.",2025-12-06T20:39:03Z,positive,false,11,ko
URV000654,USR0185,MOV0096,VEW002210,1.5,아쉬움이 남은 까마귀 첨탑: 역설,아이디어는 좋았지만 인물의 선택이 충분히 설득력 있지 않았다.,2023-07-08T08:29:08Z,negative,false,213,ko
URV000655,USR0185,MOV0065,VEW002211,1.5,아쉬움이 남은 오리온 골짜기: 정원,기대했던 긴장감이 부족해 집중하기 어려웠다.,2025-09-14T04:12:19Z,negative,false,52,ko
URV000656,USR0186,MOV0172,VEW002221,1,아쉬움이 남은 겨울 지도: 신호,아이디어는 좋았지만 인물의 선택이 충분히 설득력 있지 않았다.,2026-05-15T23:11:59Z,negative,false,115,ko
URV000657,USR0186,MOV0197,VEW002222,3,장단점이 뚜렷한 Documentary,흥미로운 설정이지만 중반 전개는 조금 느리게 느껴졌다.,2026-04-01T04:43:00Z,neutral,true,14,ko
URV000658,USR0186,MOV0160,VEW002223,3,장단점이 뚜렷한 Horror,흥미로운 설정이지만 중반 전개는 조금 느리게 느껴졌다.,2026-06-04T15:36:30Z,neutral,false,63,ko
URV000659,USR0187,MOV0075,VEW002233,2,아쉬움이 남은 메아리 항구: 정원,기대했던 긴장감이 부족해 집중하기 어려웠다.,2025-03-04T05:12:25Z,negative,false,205,ko
URV000660,USR0187,MOV0061,VEW002234,3,장단점이 뚜렷한 Drama,장점과 단점이 분명했다. 한 번쯤 볼 만한 작품이다.,2024-12-21T22:30:34Z,neutral,false,206,ko
URV000661,USR0187,MOV0032,VEW002235,2.5,장단점이 뚜렷한 Comedy,흥미로운 설정이지만 중반 전개는 조금 느리게 느껴졌다.,2024-02-04T10:38:55Z,neutral,false,87,ko
URV000662,USR0188,MOV0086,VEW002245,3.5,장단점이 뚜렷한 Action,흥미로운 설정이지만 중반 전개는 조금 느리게 느껴졌다.,2026-07-05T22:14:44Z,neutral,false,29,ko
URV000663,USR0188,MOV0055,VEW002246,2.5,장단점이 뚜렷한 Romance,장점과 단점이 분명했다. 한 번쯤 볼 만한 작품이다.,2026-07-01T03:48:47Z,neutral,false,167,ko
URV000664,USR0188,MOV0028,VEW002247,2.5,장단점이 뚜렷한 Animation,장점과 단점이 분명했다. 한 번쯤 볼 만한 작품이다.,2026-01-22T20:05:07Z,neutral,false,342,ko
URV000665,USR0189,MOV0119,VEW002257,3,장단점이 뚜렷한 Fantasy,영상은 인상적이었지만 이야기의 밀도는 평범했다.,2026-05-07T13:34:28Z,neutral,true,20,en
URV000666,USR0189,MOV0161,VEW002258,3.5,장단점이 뚜렷한 Drama,흥미로운 설정이지만 중반 전개는 조금 느리게 느껴졌다.,2025-09-04T01:59:13Z,neutral,false,184,ko
URV000667,USR0189,MOV0020,VEW002259,1,아쉬움이 남은 푸른 궤도: 교차점,전개가 반복적이고 결말이 급하게 마무리된 느낌이다.,2025-07-11T15:39:28Z,negative,false,208,ko
URV000668,USR0190,MOV0199,VEW002269,3,장단점이 뚜렷한 Fantasy,흥미로운 설정이지만 중반 전개는 조금 느리게 느껴졌다.,2026-06-22T05:37:42Z,neutral,true,347,ko
URV000669,USR0190,MOV0087,VEW002270,2.5,장단점이 뚜렷한 Documentary,장점과 단점이 분명했다. 한 번쯤 볼 만한 작품이다.,2026-02-27T15:51:15Z,neutral,false,350,ko
URV000670,USR0190,MOV0091,VEW002271,3,장단점이 뚜렷한 Drama,영상은 인상적이었지만 이야기의 밀도는 평범했다.,2026-05-04T23:06:15Z,neutral,false,159,ko
URV000671,USR0191,MOV0138,VEW002281,3,장단점이 뚜렷한 Animation,흥미로운 설정이지만 중반 전개는 조금 느리게 느껴졌다.,2025-11-06T08:49:29Z,neutral,false,176,en
URV000672,USR0191,MOV0189,VEW002282,3,장단점이 뚜렷한 Fantasy,영상은 인상적이었지만 이야기의 밀도는 평범했다.,2026-06-18T12:36:15Z,neutral,false,166,ko
URV000673,USR0191,MOV0176,VEW002283,3.5,장단점이 뚜렷한 Action,흥미로운 설정이지만 중반 전개는 조금 느리게 느껴졌다.,2024-11-21T18:48:53Z,neutral,false,177,ko
URV000674,USR0192,MOV0076,VEW002293,3,장단점이 뚜렷한 Action,영상은 인상적이었지만 이야기의 밀도는 평범했다.,2026-06-23T17:40:51Z,neutral,false,277,ko
URV000675,USR0192,MOV0086,VEW002294,3,장단점이 뚜렷한 Action,흥미로운 설정이지만 중반 전개는 조금 느리게 느껴졌다.,2026-02-22T03:23:00Z,neutral,false,102,ko
URV000676,USR0192,MOV0116,VEW002295,3,장단점이 뚜렷한 Action,흥미로운 설정이지만 중반 전개는 조금 느리게 느껴졌다.,2026-01-24T04:46:01Z,neutral,false,170,ko
URV000677,USR0193,MOV0158,VEW002305,3,장단점이 뚜렷한 Animation,영상은 인상적이었지만 이야기의 밀도는 평범했다.,2024-04-09T18:27:53Z,neutral,false,180,ko
URV000678,USR0193,MOV0108,VEW002306,3,장단점이 뚜렷한 Animation,장점과 단점이 분명했다. 한 번쯤 볼 만한 작품이다.,2026-05-04T22:36:08Z,neutral,false,305,en
URV000679,USR0193,MOV0094,VEW002307,3,장단점이 뚜렷한 Science Fiction,영상은 인상적이었지만 이야기의 밀도는 평범했다.,2024-08-05T06:10:21Z,neutral,false,329,ko
URV000680,USR0194,MOV0096,VEW002317,1.5,아쉬움이 남은 까마귀 첨탑: 역설,아이디어는 좋았지만 인물의 선택이 충분히 설득력 있지 않았다.,2026-02-26T18:39:08Z,negative,true,76,ko
URV000681,USR0194,MOV0109,VEW002318,2,아쉬움이 남은 파도의 불씨: 몽상,기대했던 긴장감이 부족해 집중하기 어려웠다.,2026-05-28T20:54:20Z,negative,false,153,ko
URV000682,USR0194,MOV0123,VEW002319,2.5,장단점이 뚜렷한 Thriller,영상은 인상적이었지만 이야기의 밀도는 평범했다.,2026-06-11T13:56:42Z,neutral,false,71,ko
URV000683,USR0195,MOV0032,VEW002329,2.5,장단점이 뚜렷한 Comedy,영상은 인상적이었지만 이야기의 밀도는 평범했다.,2026-05-01T00:35:07Z,neutral,false,47,ko
URV000684,USR0195,MOV0196,VEW002330,3.5,장단점이 뚜렷한 Action,흥미로운 설정이지만 중반 전개는 조금 느리게 느껴졌다.,2025-07-10T02:06:46Z,neutral,true,350,ko
URV000685,USR0195,MOV0006,VEW002331,3.5,장단점이 뚜렷한 Action,흥미로운 설정이지만 중반 전개는 조금 느리게 느껴졌다.,2026-03-19T19:21:49Z,neutral,true,86,ko
URV000686,USR0196,MOV0036,VEW002341,4.5,다시 보고 싶은 “잿빛 파도: 역설”,배우들의 호흡과 음악이 잘 어우러져 다시 보고 싶다.,2025-12-06T17:28:43Z,positive,false,331,ko
URV000687,USR0196,MOV0025,VEW002342,3,장단점이 뚜렷한 Romance,장점과 단점이 분명했다. 한 번쯤 볼 만한 작품이다.,2025-12-24T15:31:16Z,neutral,false,181,ko
URV000688,USR0196,MOV0135,VEW002343,2.5,장단점이 뚜렷한 Romance,장점과 단점이 분명했다. 한 번쯤 볼 만한 작품이다.,2026-03-09T05:21:57Z,neutral,false,202,ko
URV000689,USR0197,MOV0141,VEW002353,3,장단점이 뚜렷한 Drama,영상은 인상적이었지만 이야기의 밀도는 평범했다.,2026-01-20T06:13:21Z,neutral,false,277,ko
URV000690,USR0197,MOV0038,VEW002354,4,다시 보고 싶은 “잿빛 파도: 별자리”,몰입감이 좋고 마지막 장면의 여운이 길었다.,2026-05-27T06:13:51Z,positive,true,272,ko
URV000691,USR0197,MOV0020,VEW002355,1.5,아쉬움이 남은 푸른 궤도: 교차점,기대했던 긴장감이 부족해 집중하기 어려웠다.,2024-09-18T00:30:52Z,negative,false,268,ko
URV000692,USR0198,MOV0055,VEW002365,2.5,장단점이 뚜렷한 Romance,흥미로운 설정이지만 중반 전개는 조금 느리게 느껴졌다.,2026-02-14T03:33:48Z,neutral,false,53,en
URV000693,USR0198,MOV0133,VEW002366,2.5,장단점이 뚜렷한 Thriller,장점과 단점이 분명했다. 한 번쯤 볼 만한 작품이다.,2024-01-14T13:11:06Z,neutral,true,53,ko
URV000694,USR0198,MOV0093,VEW002367,1.5,아쉬움이 남은 까마귀 첨탑: 항해,아이디어는 좋았지만 인물의 선택이 충분히 설득력 있지 않았다.,2026-07-10T02:26:50Z,negative,false,80,ko
URV000695,USR0199,MOV0036,VEW002377,4.5,다시 보고 싶은 “잿빛 파도: 역설”,"예상보다 섬세하고 따뜻했다, 친구에게 추천하고 싶다.",2025-08-20T14:58:47Z,positive,false,240,ko
URV000696,USR0199,MOV0001,VEW002378,3.5,장단점이 뚜렷한 Drama,장점과 단점이 분명했다. 한 번쯤 볼 만한 작품이다.,2024-11-14T00:07:56Z,neutral,false,78,ko
URV000697,USR0199,MOV0181,VEW002379,2,아쉬움이 남은 비취 주파수: 기록,기대했던 긴장감이 부족해 집중하기 어려웠다.,2024-06-19T05:07:13Z,negative,false,74,ko
URV000698,USR0200,MOV0199,VEW002389,1.5,아쉬움이 남은 진홍 항구: 몽상,전개가 반복적이고 결말이 급하게 마무리된 느낌이다.,2025-05-11T09:29:53Z,negative,false,220,ko
URV000699,USR0200,MOV0065,VEW002390,1.5,아쉬움이 남은 오리온 골짜기: 정원,전개가 반복적이고 결말이 급하게 마무리된 느낌이다.,2025-12-31T04:10:21Z,negative,false,341,ko
URV000700,USR0200,MOV0183,VEW002391,2,아쉬움이 남은 비취 주파수: 항해,아이디어는 좋았지만 인물의 선택이 충분히 설득력 있지 않았다.,2026-07-19T10:18:28Z,negative,false,336,ko
URV000701,USR0201,MOV0122,VEW002401,3.5,장단점이 뚜렷한 Comedy,흥미로운 설정이지만 중반 전개는 조금 느리게 느껴졌다.,2026-03-13T06:31:09Z,neutral,false,4,en
URV000702,USR0201,MOV0100,VEW002402,2,아쉬움이 남은 까마귀 첨탑: 교차점,기대했던 긴장감이 부족해 집중하기 어려웠다.,2026-04-29T09:42:31Z,negative,false,169,en
URV000703,USR0201,MOV0023,VEW002403,4,다시 보고 싶은 “달의 대장간: 항해”,배우들의 호흡과 음악이 잘 어우러져 다시 보고 싶다.,2025-05-03T15:37:10Z,positive,false,231,ko
URV000704,USR0202,MOV0134,VEW002413,2.5,장단점이 뚜렷한 Science Fiction,장점과 단점이 분명했다. 한 번쯤 볼 만한 작품이다.,2025-01-05T17:21:02Z,neutral,false,134,fr
URV000705,USR0202,MOV0040,VEW002414,3,장단점이 뚜렷한 Horror,영상은 인상적이었지만 이야기의 밀도는 평범했다.,2025-04-25T02:20:37Z,neutral,false,84,ko
URV000706,USR0202,MOV0198,VEW002415,2,아쉬움이 남은 진홍 항구: 별자리,전개가 반복적이고 결말이 급하게 마무리된 느낌이다.,2025-09-03T03:37:08Z,negative,false,186,ko
URV000707,USR0203,MOV0200,VEW002425,2.5,장단점이 뚜렷한 Horror,장점과 단점이 분명했다. 한 번쯤 볼 만한 작품이다.,2026-01-05T16:18:38Z,neutral,false,324,ko
URV000708,USR0203,MOV0141,VEW002426,2,아쉬움이 남은 은빛 자오선: 기록,기대했던 긴장감이 부족해 집중하기 어려웠다.,2026-07-05T16:44:35Z,negative,false,136,ko
URV000709,USR0203,MOV0107,VEW002427,2,아쉬움이 남은 파도의 불씨: 연대기,아이디어는 좋았지만 인물의 선택이 충분히 설득력 있지 않았다.,2026-02-13T12:44:19Z,negative,false,337,en
URV000710,USR0204,MOV0148,VEW002437,3.5,장단점이 뚜렷한 Animation,장점과 단점이 분명했다. 한 번쯤 볼 만한 작품이다.,2026-02-28T20:44:26Z,neutral,true,41,ko
URV000711,USR0204,MOV0156,VEW002438,2.5,장단점이 뚜렷한 Action,영상은 인상적이었지만 이야기의 밀도는 평범했다.,2024-10-03T15:14:49Z,neutral,false,21,ko
URV000712,USR0204,MOV0053,VEW002439,2.5,장단점이 뚜렷한 Thriller,장점과 단점이 분명했다. 한 번쯤 볼 만한 작품이다.,2026-04-09T07:04:16Z,neutral,false,159,ko
URV000713,USR0205,MOV0130,VEW002449,3,장단점이 뚜렷한 Horror,흥미로운 설정이지만 중반 전개는 조금 느리게 느껴졌다.,2022-05-18T18:00:23Z,neutral,false,88,ko
URV000714,USR0205,MOV0071,VEW002450,3.5,장단점이 뚜렷한 Drama,영상은 인상적이었지만 이야기의 밀도는 평범했다.,2025-10-18T18:22:34Z,neutral,false,304,ko
URV000715,USR0205,MOV0133,VEW002451,3,장단점이 뚜렷한 Thriller,장점과 단점이 분명했다. 한 번쯤 볼 만한 작품이다.,2025-08-09T12:01:12Z,neutral,false,161,ko
URV000716,USR0206,MOV0159,VEW002461,4,다시 보고 싶은 “호박빛 회로: 몽상”,"예상보다 섬세하고 따뜻했다, 친구에게 추천하고 싶다.",2024-04-23T15:45:53Z,positive,false,341,ko
URV000717,USR0206,MOV0057,VEW002462,2.5,장단점이 뚜렷한 Documentary,영상은 인상적이었지만 이야기의 밀도는 평범했다.,2024-08-19T23:03:41Z,neutral,false,189,ko
URV000718,USR0206,MOV0152,VEW002463,1,아쉬움이 남은 호박빛 회로: 신호,전개가 반복적이고 결말이 급하게 마무리된 느낌이다.,2026-03-24T11:12:57Z,negative,false,26,ko
URV000719,USR0207,MOV0109,VEW002473,2.5,장단점이 뚜렷한 Fantasy,장점과 단점이 분명했다. 한 번쯤 볼 만한 작품이다.,2026-01-07T02:35:47Z,neutral,false,107,ko
URV000720,USR0207,MOV0040,VEW002474,3.5,장단점이 뚜렷한 Horror,장점과 단점이 분명했다. 한 번쯤 볼 만한 작품이다.,2024-06-30T06:04:18Z,neutral,false,25,ko
URV000721,USR0207,MOV0002,VEW002475,3.5,장단점이 뚜렷한 Comedy,영상은 인상적이었지만 이야기의 밀도는 평범했다.,2026-07-25T09:06:34Z,neutral,false,277,pt
URV000722,USR0208,MOV0200,VEW002485,3,장단점이 뚜렷한 Horror,장점과 단점이 분명했다. 한 번쯤 볼 만한 작품이다.,2026-04-12T15:43:02Z,neutral,true,176,ko
URV000723,USR0208,MOV0042,VEW002486,2,아쉬움이 남은 고요한 항로: 신호,전개가 반복적이고 결말이 급하게 마무리된 느낌이다.,2026-05-26T07:33:47Z,negative,false,314,ko
URV000724,USR0208,MOV0025,VEW002487,2.5,장단점이 뚜렷한 Romance,장점과 단점이 분명했다. 한 번쯤 볼 만한 작품이다.,2026-05-23T12:49:48Z,neutral,false,166,ko
URV000725,USR0209,MOV0133,VEW002497,3,장단점이 뚜렷한 Thriller,흥미로운 설정이지만 중반 전개는 조금 느리게 느껴졌다.,2025-12-30T15:51:59Z,neutral,false,127,ko
URV000726,USR0209,MOV0152,VEW002498,2,아쉬움이 남은 호박빛 회로: 신호,아이디어는 좋았지만 인물의 선택이 충분히 설득력 있지 않았다.,2025-10-13T02:29:59Z,negative,true,25,ko
URV000727,USR0209,MOV0040,VEW002499,3.5,장단점이 뚜렷한 Horror,흥미로운 설정이지만 중반 전개는 조금 느리게 느껴졌다.,2026-03-05T01:55:46Z,neutral,false,132,ko
URV000728,USR0210,MOV0193,VEW002509,2,아쉬움이 남은 진홍 항구: 항해,기대했던 긴장감이 부족해 집중하기 어려웠다.,2025-07-30T02:46:22Z,negative,false,295,ko
URV000729,USR0210,MOV0196,VEW002510,4.5,다시 보고 싶은 “진홍 항구: 역설”,몰입감이 좋고 마지막 장면의 여운이 길었다.,2025-06-14T21:54:49Z,positive,true,98,ko
URV000730,USR0210,MOV0159,VEW002511,3,장단점이 뚜렷한 Fantasy,흥미로운 설정이지만 중반 전개는 조금 느리게 느껴졌다.,2026-07-10T04:31:55Z,neutral,true,267,ko
URV000731,USR0211,MOV0157,VEW002521,4,다시 보고 싶은 “호박빛 회로: 연대기”,배우들의 호흡과 음악이 잘 어우러져 다시 보고 싶다.,2023-06-17T02:38:00Z,positive,false,239,en
URV000732,USR0211,MOV0155,VEW002522,3.5,장단점이 뚜렷한 Romance,장점과 단점이 분명했다. 한 번쯤 볼 만한 작품이다.,2026-07-09T00:03:12Z,neutral,false,174,ko
URV000733,USR0211,MOV0051,VEW002523,2,아쉬움이 남은 안개의 도시: 기록,아이디어는 좋았지만 인물의 선택이 충분히 설득력 있지 않았다.,2025-12-23T02:17:52Z,negative,false,182,ko
URV000734,USR0212,MOV0178,VEW002533,1.5,아쉬움이 남은 겨울 지도: 별자리,아이디어는 좋았지만 인물의 선택이 충분히 설득력 있지 않았다.,2026-05-18T15:28:34Z,negative,true,71,ko
URV000735,USR0212,MOV0067,VEW002534,3.5,장단점이 뚜렷한 Documentary,영상은 인상적이었지만 이야기의 밀도는 평범했다.,2026-01-20T03:35:33Z,neutral,false,22,ko
URV000736,USR0212,MOV0163,VEW002535,3,장단점이 뚜렷한 Thriller,장점과 단점이 분명했다. 한 번쯤 볼 만한 작품이다.,2025-07-21T00:37:21Z,neutral,false,334,ko
URV000737,USR0213,MOV0165,VEW002545,2.5,장단점이 뚜렷한 Romance,영상은 인상적이었지만 이야기의 밀도는 평범했다.,2026-06-21T22:25:52Z,neutral,true,245,ko
URV000738,USR0213,MOV0161,VEW002546,4,다시 보고 싶은 “빈 프리즘: 기록”,배우들의 호흡과 음악이 잘 어우러져 다시 보고 싶다.,2025-05-12T15:07:37Z,positive,true,184,ko
URV000739,USR0213,MOV0109,VEW002547,2,아쉬움이 남은 파도의 불씨: 몽상,전개가 반복적이고 결말이 급하게 마무리된 느낌이다.,2025-03-25T09:22:27Z,negative,false,340,en
URV000740,USR0214,MOV0077,VEW002557,3,장단점이 뚜렷한 Documentary,영상은 인상적이었지만 이야기의 밀도는 평범했다.,2025-12-05T23:15:15Z,neutral,false,104,ko
URV000741,USR0214,MOV0121,VEW002558,1.5,아쉬움이 남은 황조롱이의 새벽: 기록,기대했던 긴장감이 부족해 집중하기 어려웠다.,2026-03-31T15:04:17Z,negative,true,150,ko
URV000742,USR0214,MOV0196,VEW002559,3,장단점이 뚜렷한 Action,장점과 단점이 분명했다. 한 번쯤 볼 만한 작품이다.,2026-02-20T14:14:12Z,neutral,false,168,ko
URV000743,USR0215,MOV0103,VEW002569,3.5,장단점이 뚜렷한 Thriller,장점과 단점이 분명했다. 한 번쯤 볼 만한 작품이다.,2025-06-30T06:24:08Z,neutral,false,345,ko
URV000744,USR0215,MOV0104,VEW002570,3.5,장단점이 뚜렷한 Science Fiction,흥미로운 설정이지만 중반 전개는 조금 느리게 느껴졌다.,2026-04-11T23:22:55Z,neutral,false,208,ko
URV000745,USR0215,MOV0013,VEW002571,3.5,장단점이 뚜렷한 Thriller,영상은 인상적이었지만 이야기의 밀도는 평범했다.,2026-07-11T10:08:21Z,neutral,true,79,ko
URV000746,USR0216,MOV0126,VEW002581,1,아쉬움이 남은 황조롱이의 새벽: 역설,기대했던 긴장감이 부족해 집중하기 어려웠다.,2026-01-20T11:08:57Z,negative,true,199,ko
URV000747,USR0216,MOV0176,VEW002582,3.5,장단점이 뚜렷한 Action,장점과 단점이 분명했다. 한 번쯤 볼 만한 작품이다.,2024-06-04T08:35:46Z,neutral,false,215,ko
URV000748,USR0216,MOV0075,VEW002583,2,아쉬움이 남은 메아리 항구: 정원,기대했던 긴장감이 부족해 집중하기 어려웠다.,2026-06-23T22:32:39Z,negative,false,22,ko
URV000749,USR0217,MOV0054,VEW002593,1,아쉬움이 남은 안개의 도시: 규약,기대했던 긴장감이 부족해 집중하기 어려웠다.,2026-07-06T20:52:38Z,negative,false,125,ko
URV000750,USR0217,MOV0141,VEW002594,3,장단점이 뚜렷한 Drama,흥미로운 설정이지만 중반 전개는 조금 느리게 느껴졌다.,2025-12-22T02:09:57Z,neutral,false,158,pt
URV000751,USR0217,MOV0119,VEW002595,3.5,장단점이 뚜렷한 Fantasy,흥미로운 설정이지만 중반 전개는 조금 느리게 느껴졌다.,2025-05-11T00:18:02Z,neutral,false,146,ko
URV000752,USR0218,MOV0187,VEW002605,4,다시 보고 싶은 “비취 주파수: 연대기”,몰입감이 좋고 마지막 장면의 여운이 길었다.,2024-07-01T03:12:16Z,positive,false,306,ko
URV000753,USR0218,MOV0185,VEW002606,1.5,아쉬움이 남은 비취 주파수: 정원,기대했던 긴장감이 부족해 집중하기 어려웠다.,2024-12-13T19:37:10Z,negative,false,318,en
URV000754,USR0218,MOV0068,VEW002607,3,장단점이 뚜렷한 Animation,흥미로운 설정이지만 중반 전개는 조금 느리게 느껴졌다.,2026-01-11T04:07:00Z,neutral,true,225,ko
URV000755,USR0219,MOV0168,VEW002617,2,아쉬움이 남은 빈 프리즘: 별자리,아이디어는 좋았지만 인물의 선택이 충분히 설득력 있지 않았다.,2026-04-02T14:37:35Z,negative,false,316,ko
URV000756,USR0219,MOV0196,VEW002618,3,장단점이 뚜렷한 Action,흥미로운 설정이지만 중반 전개는 조금 느리게 느껴졌다.,2025-10-28T18:55:18Z,neutral,false,266,ko
URV000757,USR0219,MOV0164,VEW002619,2,아쉬움이 남은 빈 프리즘: 규약,전개가 반복적이고 결말이 급하게 마무리된 느낌이다.,2025-11-15T17:22:26Z,negative,false,345,ko
URV000758,USR0220,MOV0023,VEW002629,3.5,장단점이 뚜렷한 Thriller,흥미로운 설정이지만 중반 전개는 조금 느리게 느껴졌다.,2025-06-09T06:45:33Z,neutral,false,214,ko
URV000759,USR0220,MOV0169,VEW002630,3,장단점이 뚜렷한 Fantasy,흥미로운 설정이지만 중반 전개는 조금 느리게 느껴졌다.,2026-05-24T03:40:41Z,neutral,false,97,ko
URV000760,USR0220,MOV0109,VEW002631,2,아쉬움이 남은 파도의 불씨: 몽상,기대했던 긴장감이 부족해 집중하기 어려웠다.,2025-11-25T23:15:23Z,negative,true,0,ko
URV000761,USR0221,MOV0028,VEW002641,2,아쉬움이 남은 달의 대장간: 별자리,아이디어는 좋았지만 인물의 선택이 충분히 설득력 있지 않았다.,2026-05-18T10:52:30Z,negative,false,167,en
URV000762,USR0221,MOV0199,VEW002642,2,아쉬움이 남은 진홍 항구: 몽상,아이디어는 좋았지만 인물의 선택이 충분히 설득력 있지 않았다.,2026-03-08T00:56:09Z,negative,false,304,ko
URV000763,USR0221,MOV0160,VEW002643,2.5,장단점이 뚜렷한 Horror,영상은 인상적이었지만 이야기의 밀도는 평범했다.,2026-02-20T03:42:50Z,neutral,false,124,en
URV000764,USR0222,MOV0045,VEW002653,1.5,아쉬움이 남은 고요한 항로: 정원,기대했던 긴장감이 부족해 집중하기 어려웠다.,2025-08-10T15:02:24Z,negative,false,228,ko
URV000765,USR0222,MOV0085,VEW002654,4,다시 보고 싶은 “빛의 수호자: 정원”,배우들의 호흡과 음악이 잘 어우러져 다시 보고 싶다.,2026-05-14T23:49:19Z,positive,false,92,ko
URV000766,USR0222,MOV0054,VEW002655,1.5,아쉬움이 남은 안개의 도시: 규약,전개가 반복적이고 결말이 급하게 마무리된 느낌이다.,2026-03-04T15:04:59Z,negative,false,267,ko
URV000767,USR0223,MOV0077,VEW002665,2.5,장단점이 뚜렷한 Documentary,장점과 단점이 분명했다. 한 번쯤 볼 만한 작품이다.,2025-11-04T06:19:15Z,neutral,false,69,en
URV000768,USR0223,MOV0189,VEW002666,3.5,장단점이 뚜렷한 Fantasy,흥미로운 설정이지만 중반 전개는 조금 느리게 느껴졌다.,2026-07-05T09:07:59Z,neutral,false,56,ko
URV000769,USR0223,MOV0120,VEW002667,1,아쉬움이 남은 새별 들판: 교차점,아이디어는 좋았지만 인물의 선택이 충분히 설득력 있지 않았다.,2023-11-23T17:18:22Z,negative,false,332,en
URV000770,USR0224,MOV0154,VEW002677,1.5,아쉬움이 남은 호박빛 회로: 규약,기대했던 긴장감이 부족해 집중하기 어려웠다.,2025-09-12T08:04:44Z,negative,false,156,hi
URV000771,USR0224,MOV0076,VEW002678,3,장단점이 뚜렷한 Action,영상은 인상적이었지만 이야기의 밀도는 평범했다.,2026-01-08T13:22:20Z,neutral,false,244,ko
URV000772,USR0224,MOV0099,VEW002679,3,장단점이 뚜렷한 Fantasy,장점과 단점이 분명했다. 한 번쯤 볼 만한 작품이다.,2026-04-23T23:38:46Z,neutral,false,28,ko
URV000773,USR0225,MOV0086,VEW002689,3.5,장단점이 뚜렷한 Action,장점과 단점이 분명했다. 한 번쯤 볼 만한 작품이다.,2025-08-24T21:45:28Z,neutral,false,202,ko
URV000774,USR0225,MOV0043,VEW002690,2.5,장단점이 뚜렷한 Thriller,영상은 인상적이었지만 이야기의 밀도는 평범했다.,2026-03-25T20:41:32Z,neutral,false,247,de
URV000775,USR0225,MOV0072,VEW002691,3.5,장단점이 뚜렷한 Comedy,장점과 단점이 분명했다. 한 번쯤 볼 만한 작품이다.,2023-03-25T05:18:44Z,neutral,false,53,ko
URV000776,USR0226,MOV0034,VEW002701,2.5,장단점이 뚜렷한 Science Fiction,영상은 인상적이었지만 이야기의 밀도는 평범했다.,2024-10-17T17:48:07Z,neutral,false,219,ko
URV000777,USR0226,MOV0001,VEW002702,4.5,다시 보고 싶은 “별비: 기록”,"예상보다 섬세하고 따뜻했다, 친구에게 추천하고 싶다.",2024-10-30T05:24:54Z,positive,false,130,ko
URV000778,USR0226,MOV0032,VEW002703,2,아쉬움이 남은 잿빛 파도: 신호,기대했던 긴장감이 부족해 집중하기 어려웠다.,2024-09-09T19:37:14Z,negative,false,149,ko
URV000779,USR0227,MOV0049,VEW002713,3.5,장단점이 뚜렷한 Fantasy,흥미로운 설정이지만 중반 전개는 조금 느리게 느껴졌다.,2023-10-07T20:18:08Z,neutral,false,302,ko
URV000780,USR0227,MOV0104,VEW002714,3,장단점이 뚜렷한 Science Fiction,영상은 인상적이었지만 이야기의 밀도는 평범했다.,2026-04-04T11:27:36Z,neutral,false,145,ko
URV000781,USR0227,MOV0144,VEW002715,2,아쉬움이 남은 은빛 자오선: 규약,전개가 반복적이고 결말이 급하게 마무리된 느낌이다.,2026-04-18T23:04:51Z,negative,false,245,ko
URV000782,USR0228,MOV0183,VEW002725,2.5,장단점이 뚜렷한 Thriller,영상은 인상적이었지만 이야기의 밀도는 평범했다.,2026-02-23T06:18:46Z,neutral,true,221,ko
URV000783,USR0228,MOV0147,VEW002726,3,장단점이 뚜렷한 Documentary,영상은 인상적이었지만 이야기의 밀도는 평범했다.,2025-11-18T05:24:11Z,neutral,false,117,en
URV000784,USR0228,MOV0082,VEW002727,1,아쉬움이 남은 빛의 수호자: 신호,전개가 반복적이고 결말이 급하게 마무리된 느낌이다.,2025-12-21T04:18:51Z,negative,false,101,en
URV000785,USR0229,MOV0069,VEW002737,3,장단점이 뚜렷한 Fantasy,영상은 인상적이었지만 이야기의 밀도는 평범했다.,2023-07-05T04:10:37Z,neutral,false,269,ko
URV000786,USR0229,MOV0097,VEW002738,4.5,다시 보고 싶은 “까마귀 첨탑: 연대기”,몰입감이 좋고 마지막 장면의 여운이 길었다.,2026-06-12T16:31:03Z,positive,false,79,ko
URV000787,USR0229,MOV0129,VEW002739,2.5,장단점이 뚜렷한 Fantasy,장점과 단점이 분명했다. 한 번쯤 볼 만한 작품이다.,2025-08-10T23:11:16Z,neutral,false,96,ko
URV000788,USR0230,MOV0112,VEW002749,3,장단점이 뚜렷한 Comedy,흥미로운 설정이지만 중반 전개는 조금 느리게 느껴졌다.,2025-01-11T12:43:36Z,neutral,false,349,ko
URV000789,USR0230,MOV0187,VEW002750,4,다시 보고 싶은 “비취 주파수: 연대기”,배우들의 호흡과 음악이 잘 어우러져 다시 보고 싶다.,2025-03-29T12:29:33Z,positive,false,1,ko
URV000790,USR0230,MOV0031,VEW002751,4,다시 보고 싶은 “잿빛 파도: 기록”,"예상보다 섬세하고 따뜻했다, 친구에게 추천하고 싶다.",2025-10-29T16:19:34Z,positive,false,124,ko
URV000791,USR0231,MOV0035,VEW002761,4.5,다시 보고 싶은 “잿빛 파도: 정원”,배우들의 호흡과 음악이 잘 어우러져 다시 보고 싶다.,2025-10-04T14:10:29Z,positive,false,113,ko
URV000792,USR0231,MOV0079,VEW002762,4.5,다시 보고 싶은 “메아리 항구: 몽상”,배우들의 호흡과 음악이 잘 어우러져 다시 보고 싶다.,2024-12-28T20:05:28Z,positive,false,345,ko
URV000793,USR0231,MOV0015,VEW002763,3.5,장단점이 뚜렷한 Romance,장점과 단점이 분명했다. 한 번쯤 볼 만한 작품이다.,2026-06-29T12:21:55Z,neutral,false,331,ko
URV000794,USR0232,MOV0088,VEW002773,2,아쉬움이 남은 빛의 수호자: 별자리,기대했던 긴장감이 부족해 집중하기 어려웠다.,2025-01-30T17:55:05Z,negative,false,62,ko
URV000795,USR0232,MOV0111,VEW002774,1.5,아쉬움이 남은 새별 들판: 기록,아이디어는 좋았지만 인물의 선택이 충분히 설득력 있지 않았다.,2024-03-11T01:12:32Z,negative,false,23,ko
URV000796,USR0232,MOV0078,VEW002775,3,장단점이 뚜렷한 Animation,흥미로운 설정이지만 중반 전개는 조금 느리게 느껴졌다.,2026-03-05T09:31:24Z,neutral,false,139,ko
URV000797,USR0233,MOV0101,VEW002785,1.5,아쉬움이 남은 파도의 불씨: 기록,아이디어는 좋았지만 인물의 선택이 충분히 설득력 있지 않았다.,2026-06-27T16:20:03Z,negative,false,34,en
URV000798,USR0233,MOV0063,VEW002786,2,아쉬움이 남은 오리온 골짜기: 항해,아이디어는 좋았지만 인물의 선택이 충분히 설득력 있지 않았다.,2024-06-07T04:38:26Z,negative,false,155,en
URV000799,USR0233,MOV0027,VEW002787,3,장단점이 뚜렷한 Documentary,영상은 인상적이었지만 이야기의 밀도는 평범했다.,2023-07-18T05:50:22Z,neutral,false,306,en
URV000800,USR0234,MOV0017,VEW002797,4,다시 보고 싶은 “푸른 궤도: 연대기”,"예상보다 섬세하고 따뜻했다, 친구에게 추천하고 싶다.",2026-02-04T20:56:43Z,positive,false,268,ko
URV000801,USR0234,MOV0014,VEW002798,3.5,장단점이 뚜렷한 Science Fiction,흥미로운 설정이지만 중반 전개는 조금 느리게 느껴졌다.,2025-07-06T21:20:30Z,neutral,false,11,ko
URV000802,USR0234,MOV0012,VEW002799,1.5,아쉬움이 남은 푸른 궤도: 신호,아이디어는 좋았지만 인물의 선택이 충분히 설득력 있지 않았다.,2023-07-30T06:23:14Z,negative,false,316,ko
URV000803,USR0235,MOV0155,VEW002809,3.5,장단점이 뚜렷한 Romance,흥미로운 설정이지만 중반 전개는 조금 느리게 느껴졌다.,2025-05-31T02:14:08Z,neutral,false,107,ko
URV000804,USR0235,MOV0021,VEW002810,2,아쉬움이 남은 달의 대장간: 기록,기대했던 긴장감이 부족해 집중하기 어려웠다.,2023-05-04T12:38:04Z,negative,true,268,ko
URV000805,USR0235,MOV0060,VEW002811,2.5,장단점이 뚜렷한 Horror,장점과 단점이 분명했다. 한 번쯤 볼 만한 작품이다.,2026-07-16T21:58:22Z,neutral,false,155,ko
URV000806,USR0236,MOV0074,VEW002821,3,장단점이 뚜렷한 Science Fiction,장점과 단점이 분명했다. 한 번쯤 볼 만한 작품이다.,2022-08-14T21:07:45Z,neutral,false,83,ko
URV000807,USR0236,MOV0026,VEW002822,2,아쉬움이 남은 달의 대장간: 역설,전개가 반복적이고 결말이 급하게 마무리된 느낌이다.,2024-11-05T08:17:45Z,negative,false,144,ko
URV000808,USR0236,MOV0136,VEW002823,2.5,장단점이 뚜렷한 Action,영상은 인상적이었지만 이야기의 밀도는 평범했다.,2024-09-20T18:20:42Z,neutral,false,151,ko
URV000809,USR0237,MOV0167,VEW002833,4,다시 보고 싶은 “빈 프리즘: 연대기”,배우들의 호흡과 음악이 잘 어우러져 다시 보고 싶다.,2026-06-06T22:48:32Z,positive,false,241,ko
URV000810,USR0237,MOV0044,VEW002834,3,장단점이 뚜렷한 Science Fiction,영상은 인상적이었지만 이야기의 밀도는 평범했다.,2026-07-14T03:24:17Z,neutral,true,21,ko
URV000811,USR0237,MOV0122,VEW002835,4,다시 보고 싶은 “황조롱이의 새벽: 신호”,"예상보다 섬세하고 따뜻했다, 친구에게 추천하고 싶다.",2026-06-28T21:30:01Z,positive,false,273,pt
URV000812,USR0238,MOV0190,VEW002845,3.5,장단점이 뚜렷한 Horror,흥미로운 설정이지만 중반 전개는 조금 느리게 느껴졌다.,2022-04-21T19:17:44Z,neutral,false,348,ko
URV000813,USR0238,MOV0141,VEW002846,3,장단점이 뚜렷한 Drama,흥미로운 설정이지만 중반 전개는 조금 느리게 느껴졌다.,2026-07-05T05:13:25Z,neutral,false,167,ko
URV000814,USR0238,MOV0183,VEW002847,1,아쉬움이 남은 비취 주파수: 항해,아이디어는 좋았지만 인물의 선택이 충분히 설득력 있지 않았다.,2026-02-07T09:53:25Z,negative,false,21,ko
URV000815,USR0239,MOV0101,VEW002857,2.5,장단점이 뚜렷한 Drama,장점과 단점이 분명했다. 한 번쯤 볼 만한 작품이다.,2024-10-02T16:03:55Z,neutral,false,251,ko
URV000816,USR0239,MOV0172,VEW002858,1,아쉬움이 남은 겨울 지도: 신호,전개가 반복적이고 결말이 급하게 마무리된 느낌이다.,2026-05-26T20:08:59Z,negative,false,1,ko
URV000817,USR0239,MOV0030,VEW002859,2,아쉬움이 남은 달의 대장간: 교차점,전개가 반복적이고 결말이 급하게 마무리된 느낌이다.,2024-05-31T10:57:32Z,negative,false,74,ko
URV000818,USR0240,MOV0001,VEW002869,4.5,다시 보고 싶은 “별비: 기록”,"예상보다 섬세하고 따뜻했다, 친구에게 추천하고 싶다.",2026-05-25T07:07:43Z,positive,false,131,ko
URV000819,USR0240,MOV0002,VEW002870,3,장단점이 뚜렷한 Comedy,영상은 인상적이었지만 이야기의 밀도는 평범했다.,2025-06-21T11:35:12Z,neutral,false,7,ko
URV000820,USR0240,MOV0139,VEW002871,1.5,아쉬움이 남은 내일의 유리: 몽상,전개가 반복적이고 결말이 급하게 마무리된 느낌이다.,2026-03-20T05:10:20Z,negative,true,271,ko
URV000821,USR0241,MOV0140,VEW002881,3,장단점이 뚜렷한 Horror,장점과 단점이 분명했다. 한 번쯤 볼 만한 작품이다.,2025-04-26T18:08:29Z,neutral,false,42,ko
URV000822,USR0241,MOV0170,VEW002882,1,아쉬움이 남은 빈 프리즘: 교차점,아이디어는 좋았지만 인물의 선택이 충분히 설득력 있지 않았다.,2024-11-05T01:16:43Z,negative,false,252,en
URV000823,USR0241,MOV0020,VEW002883,2,아쉬움이 남은 푸른 궤도: 교차점,기대했던 긴장감이 부족해 집중하기 어려웠다.,2025-07-22T07:14:51Z,negative,false,167,ko
URV000824,USR0242,MOV0040,VEW002893,2.5,장단점이 뚜렷한 Horror,흥미로운 설정이지만 중반 전개는 조금 느리게 느껴졌다.,2026-03-11T17:17:01Z,neutral,false,331,ko
URV000825,USR0242,MOV0014,VEW002894,4,다시 보고 싶은 “푸른 궤도: 규약”,"예상보다 섬세하고 따뜻했다, 친구에게 추천하고 싶다.",2024-11-14T00:58:59Z,positive,false,321,ko
URV000826,USR0242,MOV0134,VEW002895,2,아쉬움이 남은 내일의 유리: 규약,아이디어는 좋았지만 인물의 선택이 충분히 설득력 있지 않았다.,2026-04-19T23:25:40Z,negative,true,313,ko
URV000827,USR0243,MOV0008,VEW002905,3.5,장단점이 뚜렷한 Animation,영상은 인상적이었지만 이야기의 밀도는 평범했다.,2026-03-10T12:55:15Z,neutral,true,203,ko
URV000828,USR0243,MOV0148,VEW002906,4.5,다시 보고 싶은 “은빛 자오선: 별자리”,몰입감이 좋고 마지막 장면의 여운이 길었다.,2025-12-13T08:59:41Z,positive,false,195,ko
URV000829,USR0243,MOV0136,VEW002907,3.5,장단점이 뚜렷한 Action,영상은 인상적이었지만 이야기의 밀도는 평범했다.,2025-07-30T20:38:12Z,neutral,false,80,ko
URV000830,USR0244,MOV0051,VEW002917,1.5,아쉬움이 남은 안개의 도시: 기록,기대했던 긴장감이 부족해 집중하기 어려웠다.,2026-01-21T02:31:42Z,negative,false,87,ko
URV000831,USR0244,MOV0178,VEW002918,1.5,아쉬움이 남은 겨울 지도: 별자리,아이디어는 좋았지만 인물의 선택이 충분히 설득력 있지 않았다.,2026-07-09T04:38:50Z,negative,false,31,hi
URV000832,USR0244,MOV0101,VEW002919,1,아쉬움이 남은 파도의 불씨: 기록,아이디어는 좋았지만 인물의 선택이 충분히 설득력 있지 않았다.,2025-06-17T11:09:10Z,negative,false,339,hi
URV000833,USR0245,MOV0087,VEW002929,2,아쉬움이 남은 빛의 수호자: 연대기,기대했던 긴장감이 부족해 집중하기 어려웠다.,2025-01-10T18:07:52Z,negative,true,246,ko
URV000834,USR0245,MOV0136,VEW002930,3,장단점이 뚜렷한 Action,장점과 단점이 분명했다. 한 번쯤 볼 만한 작품이다.,2024-07-04T16:11:56Z,neutral,false,126,de
URV000835,USR0245,MOV0089,VEW002931,4,다시 보고 싶은 “빛의 수호자: 몽상”,배우들의 호흡과 음악이 잘 어우러져 다시 보고 싶다.,2026-03-11T12:20:33Z,positive,true,224,ko
URV000836,USR0246,MOV0148,VEW002941,3.5,장단점이 뚜렷한 Animation,흥미로운 설정이지만 중반 전개는 조금 느리게 느껴졌다.,2024-01-26T20:44:02Z,neutral,false,212,ko
URV000837,USR0246,MOV0186,VEW002942,2,아쉬움이 남은 비취 주파수: 역설,기대했던 긴장감이 부족해 집중하기 어려웠다.,2026-05-10T05:01:51Z,negative,false,248,ko
URV000838,USR0246,MOV0163,VEW002943,3,장단점이 뚜렷한 Thriller,영상은 인상적이었지만 이야기의 밀도는 평범했다.,2026-04-07T08:00:55Z,neutral,false,21,ko
URV000839,USR0247,MOV0134,VEW002953,1.5,아쉬움이 남은 내일의 유리: 규약,아이디어는 좋았지만 인물의 선택이 충분히 설득력 있지 않았다.,2022-08-20T12:46:49Z,negative,false,161,ko
URV000840,USR0247,MOV0195,VEW002954,2.5,장단점이 뚜렷한 Romance,장점과 단점이 분명했다. 한 번쯤 볼 만한 작품이다.,2026-05-30T00:55:19Z,neutral,false,216,pt
URV000841,USR0247,MOV0017,VEW002955,3.5,장단점이 뚜렷한 Documentary,장점과 단점이 분명했다. 한 번쯤 볼 만한 작품이다.,2025-02-17T20:50:12Z,neutral,false,168,ko
URV000842,USR0248,MOV0199,VEW002965,3,장단점이 뚜렷한 Fantasy,영상은 인상적이었지만 이야기의 밀도는 평범했다.,2025-04-22T06:12:12Z,neutral,false,211,ko
URV000843,USR0248,MOV0160,VEW002966,2.5,장단점이 뚜렷한 Horror,흥미로운 설정이지만 중반 전개는 조금 느리게 느껴졌다.,2026-06-08T14:06:28Z,neutral,false,276,ko
URV000844,USR0248,MOV0113,VEW002967,2.5,장단점이 뚜렷한 Thriller,흥미로운 설정이지만 중반 전개는 조금 느리게 느껴졌다.,2026-02-16T14:58:40Z,neutral,false,343,ko
URV000845,USR0249,MOV0157,VEW002977,4,다시 보고 싶은 “호박빛 회로: 연대기”,배우들의 호흡과 음악이 잘 어우러져 다시 보고 싶다.,2026-04-18T03:19:31Z,positive,false,28,ko
URV000846,USR0249,MOV0084,VEW002978,4.5,다시 보고 싶은 “빛의 수호자: 규약”,배우들의 호흡과 음악이 잘 어우러져 다시 보고 싶다.,2026-04-17T22:10:53Z,positive,false,304,en
URV000847,USR0249,MOV0119,VEW002979,2.5,장단점이 뚜렷한 Fantasy,흥미로운 설정이지만 중반 전개는 조금 느리게 느껴졌다.,2024-09-15T00:18:30Z,neutral,false,37,ko
URV000848,USR0250,MOV0076,VEW002989,3,장단점이 뚜렷한 Action,흥미로운 설정이지만 중반 전개는 조금 느리게 느껴졌다.,2026-04-02T10:22:34Z,neutral,false,60,ko
URV000849,USR0250,MOV0014,VEW002990,3.5,장단점이 뚜렷한 Science Fiction,장점과 단점이 분명했다. 한 번쯤 볼 만한 작품이다.,2026-04-26T13:29:07Z,neutral,false,292,ko
URV000850,USR0250,MOV0133,VEW002991,2.5,장단점이 뚜렷한 Thriller,장점과 단점이 분명했다. 한 번쯤 볼 만한 작품이다.,2026-07-03T04:13:37Z,neutral,false,299,ko
URV000851,USR0251,MOV0069,VEW003001,2.5,장단점이 뚜렷한 Fantasy,장점과 단점이 분명했다. 한 번쯤 볼 만한 작품이다.,2025-06-03T04:48:13Z,neutral,false,229,ko
URV000852,USR0251,MOV0188,VEW003002,2,아쉬움이 남은 비취 주파수: 별자리,기대했던 긴장감이 부족해 집중하기 어려웠다.,2026-03-08T09:36:07Z,negative,false,154,ko
URV000853,USR0251,MOV0125,VEW003003,2,아쉬움이 남은 황조롱이의 새벽: 정원,아이디어는 좋았지만 인물의 선택이 충분히 설득력 있지 않았다.,2025-08-04T22:25:55Z,negative,false,60,ko
URV000854,USR0252,MOV0009,VEW003013,4.5,다시 보고 싶은 “별비: 몽상”,"예상보다 섬세하고 따뜻했다, 친구에게 추천하고 싶다.",2026-05-01T21:36:38Z,positive,false,349,fr
URV000855,USR0252,MOV0026,VEW003014,1.5,아쉬움이 남은 달의 대장간: 역설,기대했던 긴장감이 부족해 집중하기 어려웠다.,2026-05-19T14:10:43Z,negative,false,47,fr
URV000856,USR0252,MOV0196,VEW003015,3,장단점이 뚜렷한 Action,영상은 인상적이었지만 이야기의 밀도는 평범했다.,2026-02-07T10:40:08Z,neutral,false,218,ko
URV000857,USR0253,MOV0080,VEW003025,4,다시 보고 싶은 “메아리 항구: 교차점”,"예상보다 섬세하고 따뜻했다, 친구에게 추천하고 싶다.",2024-08-28T19:40:55Z,positive,true,1,ko
URV000858,USR0253,MOV0140,VEW003026,3,장단점이 뚜렷한 Horror,영상은 인상적이었지만 이야기의 밀도는 평범했다.,2025-12-19T21:22:13Z,neutral,true,167,en
URV000859,USR0253,MOV0191,VEW003027,1,아쉬움이 남은 진홍 항구: 기록,기대했던 긴장감이 부족해 집중하기 어려웠다.,2025-06-11T02:52:12Z,negative,false,149,ko
URV000860,USR0254,MOV0093,VEW003037,1.5,아쉬움이 남은 까마귀 첨탑: 항해,아이디어는 좋았지만 인물의 선택이 충분히 설득력 있지 않았다.,2026-02-07T10:23:56Z,negative,false,202,ko
URV000861,USR0254,MOV0157,VEW003038,4.5,다시 보고 싶은 “호박빛 회로: 연대기”,몰입감이 좋고 마지막 장면의 여운이 길었다.,2026-07-05T04:19:32Z,positive,false,242,ko
URV000862,USR0254,MOV0081,VEW003039,1.5,아쉬움이 남은 빛의 수호자: 기록,기대했던 긴장감이 부족해 집중하기 어려웠다.,2026-05-18T10:26:17Z,negative,false,126,ko
URV000863,USR0255,MOV0055,VEW003049,2.5,장단점이 뚜렷한 Romance,영상은 인상적이었지만 이야기의 밀도는 평범했다.,2026-07-20T10:07:23Z,neutral,false,350,ko
URV000864,USR0255,MOV0158,VEW003050,4,다시 보고 싶은 “호박빛 회로: 별자리”,"예상보다 섬세하고 따뜻했다, 친구에게 추천하고 싶다.",2024-10-15T03:31:02Z,positive,false,184,ko
URV000865,USR0255,MOV0073,VEW003051,3.5,장단점이 뚜렷한 Thriller,영상은 인상적이었지만 이야기의 밀도는 평범했다.,2024-04-18T20:13:40Z,neutral,true,138,de
URV000866,USR0256,MOV0131,VEW003061,3.5,장단점이 뚜렷한 Drama,영상은 인상적이었지만 이야기의 밀도는 평범했다.,2025-01-31T15:04:15Z,neutral,false,17,ko
URV000867,USR0256,MOV0121,VEW003062,1,아쉬움이 남은 황조롱이의 새벽: 기록,아이디어는 좋았지만 인물의 선택이 충분히 설득력 있지 않았다.,2026-01-12T01:07:02Z,negative,false,224,ja
URV000868,USR0256,MOV0085,VEW003063,3,장단점이 뚜렷한 Romance,장점과 단점이 분명했다. 한 번쯤 볼 만한 작품이다.,2026-07-17T17:45:04Z,neutral,false,198,ko
URV000869,USR0257,MOV0020,VEW003073,1,아쉬움이 남은 푸른 궤도: 교차점,전개가 반복적이고 결말이 급하게 마무리된 느낌이다.,2025-06-21T14:41:03Z,negative,false,295,ko
URV000870,USR0257,MOV0178,VEW003074,1.5,아쉬움이 남은 겨울 지도: 별자리,기대했던 긴장감이 부족해 집중하기 어려웠다.,2026-05-02T09:34:57Z,negative,false,31,ko
URV000871,USR0257,MOV0074,VEW003075,3,장단점이 뚜렷한 Science Fiction,흥미로운 설정이지만 중반 전개는 조금 느리게 느껴졌다.,2023-08-18T14:15:38Z,neutral,false,277,ko
URV000872,USR0258,MOV0121,VEW003085,2.5,장단점이 뚜렷한 Drama,영상은 인상적이었지만 이야기의 밀도는 평범했다.,2025-06-01T22:04:26Z,neutral,false,295,ko
URV000873,USR0258,MOV0020,VEW003086,1,아쉬움이 남은 푸른 궤도: 교차점,기대했던 긴장감이 부족해 집중하기 어려웠다.,2024-04-23T00:54:46Z,negative,false,98,ko
URV000874,USR0258,MOV0005,VEW003087,3.5,장단점이 뚜렷한 Romance,흥미로운 설정이지만 중반 전개는 조금 느리게 느껴졌다.,2023-10-13T06:23:27Z,neutral,false,10,ko
URV000875,USR0259,MOV0123,VEW003097,2.5,장단점이 뚜렷한 Thriller,영상은 인상적이었지만 이야기의 밀도는 평범했다.,2025-10-31T02:05:23Z,neutral,false,187,en
URV000876,USR0259,MOV0093,VEW003098,1.5,아쉬움이 남은 까마귀 첨탑: 항해,기대했던 긴장감이 부족해 집중하기 어려웠다.,2026-06-11T05:07:21Z,negative,false,101,ko
URV000877,USR0259,MOV0144,VEW003099,2,아쉬움이 남은 은빛 자오선: 규약,아이디어는 좋았지만 인물의 선택이 충분히 설득력 있지 않았다.,2025-12-18T18:41:01Z,negative,false,243,ko
URV000878,USR0260,MOV0025,VEW003109,3,장단점이 뚜렷한 Romance,영상은 인상적이었지만 이야기의 밀도는 평범했다.,2026-06-24T03:55:38Z,neutral,false,51,ko
URV000879,USR0260,MOV0175,VEW003110,4,다시 보고 싶은 “겨울 지도: 정원”,배우들의 호흡과 음악이 잘 어우러져 다시 보고 싶다.,2025-12-02T23:30:07Z,positive,true,219,ko
URV000880,USR0260,MOV0152,VEW003111,2.5,장단점이 뚜렷한 Comedy,영상은 인상적이었지만 이야기의 밀도는 평범했다.,2026-02-23T13:00:19Z,neutral,false,225,ko
URV000881,USR0261,MOV0120,VEW003121,1,아쉬움이 남은 새별 들판: 교차점,전개가 반복적이고 결말이 급하게 마무리된 느낌이다.,2024-04-07T02:56:20Z,negative,false,233,ko
URV000882,USR0261,MOV0070,VEW003122,2.5,장단점이 뚜렷한 Horror,영상은 인상적이었지만 이야기의 밀도는 평범했다.,2025-12-29T06:42:29Z,neutral,true,70,ko
URV000883,USR0261,MOV0122,VEW003123,4,다시 보고 싶은 “황조롱이의 새벽: 신호”,몰입감이 좋고 마지막 장면의 여운이 길었다.,2024-10-29T00:15:25Z,positive,false,317,ko
URV000884,USR0262,MOV0134,VEW003133,2,아쉬움이 남은 내일의 유리: 규약,아이디어는 좋았지만 인물의 선택이 충분히 설득력 있지 않았다.,2026-02-04T17:43:03Z,negative,false,286,ko
URV000885,USR0262,MOV0036,VEW003134,3.5,장단점이 뚜렷한 Action,흥미로운 설정이지만 중반 전개는 조금 느리게 느껴졌다.,2026-03-16T02:44:45Z,neutral,false,217,ko
URV000886,USR0262,MOV0182,VEW003135,2,아쉬움이 남은 비취 주파수: 신호,아이디어는 좋았지만 인물의 선택이 충분히 설득력 있지 않았다.,2026-02-12T19:59:44Z,negative,false,299,ko
URV000887,USR0263,MOV0174,VEW003145,4,다시 보고 싶은 “겨울 지도: 규약”,"예상보다 섬세하고 따뜻했다, 친구에게 추천하고 싶다.",2025-12-30T14:42:51Z,positive,true,341,ko
URV000888,USR0263,MOV0198,VEW003146,2,아쉬움이 남은 진홍 항구: 별자리,아이디어는 좋았지만 인물의 선택이 충분히 설득력 있지 않았다.,2025-08-20T22:17:04Z,negative,false,214,ko
URV000889,USR0263,MOV0059,VEW003147,3,장단점이 뚜렷한 Fantasy,영상은 인상적이었지만 이야기의 밀도는 평범했다.,2025-09-09T16:42:08Z,neutral,false,165,ko
URV000890,USR0264,MOV0136,VEW003157,3.5,장단점이 뚜렷한 Action,영상은 인상적이었지만 이야기의 밀도는 평범했다.,2025-05-28T22:42:17Z,neutral,false,122,ko
URV000891,USR0264,MOV0121,VEW003158,1.5,아쉬움이 남은 황조롱이의 새벽: 기록,기대했던 긴장감이 부족해 집중하기 어려웠다.,2025-07-07T04:23:18Z,negative,false,288,hi
URV000892,USR0264,MOV0034,VEW003159,2,아쉬움이 남은 잿빛 파도: 규약,기대했던 긴장감이 부족해 집중하기 어려웠다.,2025-07-11T07:56:47Z,negative,false,152,ko
URV000893,USR0265,MOV0132,VEW003169,1.5,아쉬움이 남은 내일의 유리: 신호,기대했던 긴장감이 부족해 집중하기 어려웠다.,2026-07-06T03:53:06Z,negative,false,243,ko
URV000894,USR0265,MOV0105,VEW003170,2,아쉬움이 남은 파도의 불씨: 정원,아이디어는 좋았지만 인물의 선택이 충분히 설득력 있지 않았다.,2026-07-01T16:50:00Z,negative,true,267,ko
URV000895,USR0265,MOV0054,VEW003171,1.5,아쉬움이 남은 안개의 도시: 규약,전개가 반복적이고 결말이 급하게 마무리된 느낌이다.,2025-08-06T13:34:47Z,negative,false,20,ko
URV000896,USR0266,MOV0122,VEW003181,3,장단점이 뚜렷한 Comedy,흥미로운 설정이지만 중반 전개는 조금 느리게 느껴졌다.,2026-04-12T16:44:01Z,neutral,false,183,ko
URV000897,USR0266,MOV0133,VEW003182,2.5,장단점이 뚜렷한 Thriller,영상은 인상적이었지만 이야기의 밀도는 평범했다.,2024-01-31T19:01:09Z,neutral,false,271,ko
URV000898,USR0266,MOV0143,VEW003183,2,아쉬움이 남은 은빛 자오선: 항해,아이디어는 좋았지만 인물의 선택이 충분히 설득력 있지 않았다.,2025-07-15T04:46:47Z,negative,false,228,ko
URV000899,USR0267,MOV0160,VEW003193,3,장단점이 뚜렷한 Horror,영상은 인상적이었지만 이야기의 밀도는 평범했다.,2025-01-13T16:53:15Z,neutral,false,44,ko
URV000900,USR0267,MOV0154,VEW003194,1,아쉬움이 남은 호박빛 회로: 규약,전개가 반복적이고 결말이 급하게 마무리된 느낌이다.,2025-11-01T22:49:07Z,negative,false,127,ko
URV000901,USR0267,MOV0123,VEW003195,3,장단점이 뚜렷한 Thriller,영상은 인상적이었지만 이야기의 밀도는 평범했다.,2025-09-04T06:56:41Z,neutral,false,330,pt
URV000902,USR0268,MOV0037,VEW003205,4.5,다시 보고 싶은 “잿빛 파도: 연대기”,몰입감이 좋고 마지막 장면의 여운이 길었다.,2026-02-11T17:09:20Z,positive,false,58,en
URV000903,USR0268,MOV0013,VEW003206,3.5,장단점이 뚜렷한 Thriller,흥미로운 설정이지만 중반 전개는 조금 느리게 느껴졌다.,2023-04-22T07:50:22Z,neutral,false,152,ko
URV000904,USR0268,MOV0065,VEW003207,2,아쉬움이 남은 오리온 골짜기: 정원,전개가 반복적이고 결말이 급하게 마무리된 느낌이다.,2025-11-25T17:25:34Z,negative,false,96,ko
URV000905,USR0269,MOV0122,VEW003217,3,장단점이 뚜렷한 Comedy,영상은 인상적이었지만 이야기의 밀도는 평범했다.,2025-12-01T14:47:09Z,neutral,false,20,ko
URV000906,USR0269,MOV0006,VEW003218,4.5,다시 보고 싶은 “별비: 역설”,배우들의 호흡과 음악이 잘 어우러져 다시 보고 싶다.,2025-11-21T23:01:00Z,positive,false,134,ko
URV000907,USR0269,MOV0086,VEW003219,4,다시 보고 싶은 “빛의 수호자: 역설”,배우들의 호흡과 음악이 잘 어우러져 다시 보고 싶다.,2026-02-26T18:19:27Z,positive,false,106,ko
URV000908,USR0270,MOV0068,VEW003229,2.5,장단점이 뚜렷한 Animation,흥미로운 설정이지만 중반 전개는 조금 느리게 느껴졌다.,2026-05-23T06:39:10Z,neutral,false,173,ko
URV000909,USR0270,MOV0161,VEW003230,4,다시 보고 싶은 “빈 프리즘: 기록”,배우들의 호흡과 음악이 잘 어우러져 다시 보고 싶다.,2026-02-07T17:16:37Z,positive,false,44,ko
URV000910,USR0270,MOV0091,VEW003231,2.5,장단점이 뚜렷한 Drama,흥미로운 설정이지만 중반 전개는 조금 느리게 느껴졌다.,2026-03-17T01:58:15Z,neutral,false,18,ko
URV000911,USR0271,MOV0017,VEW003241,3,장단점이 뚜렷한 Documentary,흥미로운 설정이지만 중반 전개는 조금 느리게 느껴졌다.,2026-05-26T12:28:59Z,neutral,false,25,ko
URV000912,USR0271,MOV0018,VEW003242,3.5,장단점이 뚜렷한 Animation,흥미로운 설정이지만 중반 전개는 조금 느리게 느껴졌다.,2023-08-13T11:38:58Z,neutral,true,191,en
URV000913,USR0271,MOV0038,VEW003243,3,장단점이 뚜렷한 Animation,영상은 인상적이었지만 이야기의 밀도는 평범했다.,2026-05-13T17:53:49Z,neutral,false,266,ko
URV000914,USR0272,MOV0110,VEW003253,2.5,장단점이 뚜렷한 Horror,장점과 단점이 분명했다. 한 번쯤 볼 만한 작품이다.,2026-04-30T21:50:26Z,neutral,false,40,ko
URV000915,USR0272,MOV0121,VEW003254,2,아쉬움이 남은 황조롱이의 새벽: 기록,기대했던 긴장감이 부족해 집중하기 어려웠다.,2026-04-17T05:48:38Z,negative,false,44,ko
URV000916,USR0272,MOV0109,VEW003255,3,장단점이 뚜렷한 Fantasy,장점과 단점이 분명했다. 한 번쯤 볼 만한 작품이다.,2026-06-03T14:40:12Z,neutral,false,139,fr
URV000917,USR0273,MOV0158,VEW003265,3.5,장단점이 뚜렷한 Animation,영상은 인상적이었지만 이야기의 밀도는 평범했다.,2025-10-18T02:00:49Z,neutral,false,260,ko
URV000918,USR0273,MOV0183,VEW003266,2,아쉬움이 남은 비취 주파수: 항해,전개가 반복적이고 결말이 급하게 마무리된 느낌이다.,2026-01-23T13:51:39Z,negative,false,266,ko
URV000919,USR0273,MOV0178,VEW003267,2,아쉬움이 남은 겨울 지도: 별자리,전개가 반복적이고 결말이 급하게 마무리된 느낌이다.,2026-05-10T03:09:14Z,negative,false,273,ko
URV000920,USR0274,MOV0056,VEW003277,2,아쉬움이 남은 안개의 도시: 역설,전개가 반복적이고 결말이 급하게 마무리된 느낌이다.,2024-11-20T12:43:19Z,negative,false,267,ko
URV000921,USR0274,MOV0003,VEW003278,3,장단점이 뚜렷한 Thriller,장점과 단점이 분명했다. 한 번쯤 볼 만한 작품이다.,2025-11-29T05:20:33Z,neutral,false,188,ko
URV000922,USR0274,MOV0057,VEW003279,3.5,장단점이 뚜렷한 Documentary,영상은 인상적이었지만 이야기의 밀도는 평범했다.,2023-05-22T06:17:44Z,neutral,false,37,ko
URV000923,USR0275,MOV0076,VEW003289,3,장단점이 뚜렷한 Action,영상은 인상적이었지만 이야기의 밀도는 평범했다.,2025-06-16T12:27:22Z,neutral,false,236,ko
URV000924,USR0275,MOV0132,VEW003290,2.5,장단점이 뚜렷한 Comedy,영상은 인상적이었지만 이야기의 밀도는 평범했다.,2024-07-23T08:07:18Z,neutral,false,126,ko
URV000925,USR0275,MOV0192,VEW003291,3.5,장단점이 뚜렷한 Comedy,영상은 인상적이었지만 이야기의 밀도는 평범했다.,2024-08-08T07:51:40Z,neutral,false,64,ko
URV000926,USR0276,MOV0126,VEW003301,1,아쉬움이 남은 황조롱이의 새벽: 역설,아이디어는 좋았지만 인물의 선택이 충분히 설득력 있지 않았다.,2026-06-16T20:19:54Z,negative,false,235,ja
URV000927,USR0276,MOV0167,VEW003302,4,다시 보고 싶은 “빈 프리즘: 연대기”,배우들의 호흡과 음악이 잘 어우러져 다시 보고 싶다.,2022-07-14T12:33:14Z,positive,false,197,ja
URV000928,USR0276,MOV0006,VEW003303,4,다시 보고 싶은 “별비: 역설”,"예상보다 섬세하고 따뜻했다, 친구에게 추천하고 싶다.",2023-11-13T04:39:19Z,positive,true,106,ko
URV000929,USR0277,MOV0088,VEW003313,2,아쉬움이 남은 빛의 수호자: 별자리,아이디어는 좋았지만 인물의 선택이 충분히 설득력 있지 않았다.,2025-10-14T13:03:49Z,negative,true,287,ko
URV000930,USR0277,MOV0125,VEW003314,3,장단점이 뚜렷한 Romance,흥미로운 설정이지만 중반 전개는 조금 느리게 느껴졌다.,2025-11-08T02:18:06Z,neutral,false,294,ko
URV000931,USR0277,MOV0073,VEW003315,3,장단점이 뚜렷한 Thriller,장점과 단점이 분명했다. 한 번쯤 볼 만한 작품이다.,2026-05-23T15:15:38Z,neutral,false,95,ko
URV000932,USR0278,MOV0126,VEW003325,1,아쉬움이 남은 황조롱이의 새벽: 역설,기대했던 긴장감이 부족해 집중하기 어려웠다.,2026-06-19T17:10:14Z,negative,false,274,ko
URV000933,USR0278,MOV0051,VEW003326,2,아쉬움이 남은 안개의 도시: 기록,아이디어는 좋았지만 인물의 선택이 충분히 설득력 있지 않았다.,2026-01-08T00:42:46Z,negative,false,31,ko
URV000934,USR0278,MOV0194,VEW003327,3,장단점이 뚜렷한 Science Fiction,흥미로운 설정이지만 중반 전개는 조금 느리게 느껴졌다.,2025-06-16T15:29:54Z,neutral,false,224,ko
URV000935,USR0279,MOV0184,VEW003337,2,아쉬움이 남은 비취 주파수: 규약,아이디어는 좋았지만 인물의 선택이 충분히 설득력 있지 않았다.,2025-08-26T16:14:35Z,negative,false,39,ko
URV000936,USR0279,MOV0174,VEW003338,4,다시 보고 싶은 “겨울 지도: 규약”,배우들의 호흡과 음악이 잘 어우러져 다시 보고 싶다.,2023-04-15T16:52:37Z,positive,false,175,ko
URV000937,USR0279,MOV0083,VEW003339,4,다시 보고 싶은 “빛의 수호자: 항해”,"예상보다 섬세하고 따뜻했다, 친구에게 추천하고 싶다.",2023-01-21T09:55:43Z,positive,false,153,ko
URV000938,USR0280,MOV0061,VEW003349,2.5,장단점이 뚜렷한 Drama,장점과 단점이 분명했다. 한 번쯤 볼 만한 작품이다.,2026-06-20T11:19:53Z,neutral,false,151,ko
URV000939,USR0280,MOV0001,VEW003350,4.5,다시 보고 싶은 “별비: 기록”,배우들의 호흡과 음악이 잘 어우러져 다시 보고 싶다.,2023-11-12T18:02:45Z,positive,false,211,ko
URV000940,USR0280,MOV0171,VEW003351,2,아쉬움이 남은 겨울 지도: 기록,아이디어는 좋았지만 인물의 선택이 충분히 설득력 있지 않았다.,2024-08-06T18:59:23Z,negative,false,319,ko
URV000941,USR0281,MOV0117,VEW003361,2,아쉬움이 남은 새별 들판: 연대기,아이디어는 좋았지만 인물의 선택이 충분히 설득력 있지 않았다.,2026-07-08T20:12:45Z,negative,false,183,ko
URV000942,USR0281,MOV0147,VEW003362,3.5,장단점이 뚜렷한 Documentary,영상은 인상적이었지만 이야기의 밀도는 평범했다.,2025-03-23T22:39:54Z,neutral,false,47,ko
URV000943,USR0281,MOV0154,VEW003363,1.5,아쉬움이 남은 호박빛 회로: 규약,전개가 반복적이고 결말이 급하게 마무리된 느낌이다.,2025-12-02T11:22:18Z,negative,false,216,ko
URV000944,USR0282,MOV0133,VEW003373,2,아쉬움이 남은 내일의 유리: 항해,전개가 반복적이고 결말이 급하게 마무리된 느낌이다.,2026-02-28T10:31:47Z,negative,false,1,ko
URV000945,USR0282,MOV0035,VEW003374,4,다시 보고 싶은 “잿빛 파도: 정원”,배우들의 호흡과 음악이 잘 어우러져 다시 보고 싶다.,2026-07-10T08:02:46Z,positive,false,212,ko
URV000946,USR0282,MOV0154,VEW003375,2,아쉬움이 남은 호박빛 회로: 규약,전개가 반복적이고 결말이 급하게 마무리된 느낌이다.,2026-03-03T21:14:46Z,negative,false,133,fr
URV000947,USR0283,MOV0064,VEW003385,3,장단점이 뚜렷한 Science Fiction,장점과 단점이 분명했다. 한 번쯤 볼 만한 작품이다.,2025-09-20T02:45:21Z,neutral,false,288,ko
URV000948,USR0283,MOV0154,VEW003386,1.5,아쉬움이 남은 호박빛 회로: 규약,전개가 반복적이고 결말이 급하게 마무리된 느낌이다.,2026-01-05T13:59:05Z,negative,false,67,en
URV000949,USR0283,MOV0073,VEW003387,4.5,다시 보고 싶은 “메아리 항구: 항해”,배우들의 호흡과 음악이 잘 어우러져 다시 보고 싶다.,2026-03-19T16:19:04Z,positive,false,77,ko
URV000950,USR0284,MOV0078,VEW003397,3,장단점이 뚜렷한 Animation,장점과 단점이 분명했다. 한 번쯤 볼 만한 작품이다.,2026-01-01T06:14:09Z,neutral,false,18,ko
URV000951,USR0284,MOV0042,VEW003398,1.5,아쉬움이 남은 고요한 항로: 신호,전개가 반복적이고 결말이 급하게 마무리된 느낌이다.,2025-11-15T07:44:04Z,negative,false,152,ko
URV000952,USR0284,MOV0027,VEW003399,3.5,장단점이 뚜렷한 Documentary,장점과 단점이 분명했다. 한 번쯤 볼 만한 작품이다.,2024-03-01T06:25:54Z,neutral,true,211,ko
URV000953,USR0285,MOV0173,VEW003409,2.5,장단점이 뚜렷한 Thriller,흥미로운 설정이지만 중반 전개는 조금 느리게 느껴졌다.,2025-06-01T11:29:53Z,neutral,false,288,ko
URV000954,USR0285,MOV0053,VEW003410,4,다시 보고 싶은 “안개의 도시: 항해”,배우들의 호흡과 음악이 잘 어우러져 다시 보고 싶다.,2026-04-24T11:22:53Z,positive,false,277,ko
URV000955,USR0285,MOV0129,VEW003411,4,다시 보고 싶은 “황조롱이의 새벽: 몽상”,몰입감이 좋고 마지막 장면의 여운이 길었다.,2026-03-15T12:42:00Z,positive,false,23,ko
URV000956,USR0286,MOV0002,VEW003421,3,장단점이 뚜렷한 Comedy,장점과 단점이 분명했다. 한 번쯤 볼 만한 작품이다.,2026-01-15T19:55:05Z,neutral,false,53,ko
URV000957,USR0286,MOV0038,VEW003422,4,다시 보고 싶은 “잿빛 파도: 별자리”,"예상보다 섬세하고 따뜻했다, 친구에게 추천하고 싶다.",2026-06-18T08:59:40Z,positive,true,155,ko
URV000958,USR0286,MOV0076,VEW003423,2.5,장단점이 뚜렷한 Action,영상은 인상적이었지만 이야기의 밀도는 평범했다.,2025-09-20T13:30:33Z,neutral,false,5,ko
URV000959,USR0287,MOV0111,VEW003433,2,아쉬움이 남은 새별 들판: 기록,아이디어는 좋았지만 인물의 선택이 충분히 설득력 있지 않았다.,2021-11-16T16:52:19Z,negative,false,268,ko
URV000960,USR0287,MOV0197,VEW003434,2,아쉬움이 남은 진홍 항구: 연대기,아이디어는 좋았지만 인물의 선택이 충분히 설득력 있지 않았다.,2025-09-06T18:00:21Z,negative,false,154,ko
URV000961,USR0287,MOV0172,VEW003435,2,아쉬움이 남은 겨울 지도: 신호,아이디어는 좋았지만 인물의 선택이 충분히 설득력 있지 않았다.,2026-05-08T02:50:18Z,negative,false,210,ko
URV000962,USR0288,MOV0037,VEW003445,3,장단점이 뚜렷한 Documentary,흥미로운 설정이지만 중반 전개는 조금 느리게 느껴졌다.,2025-10-08T13:49:34Z,neutral,false,260,ko
URV000963,USR0288,MOV0074,VEW003446,2,아쉬움이 남은 메아리 항구: 규약,기대했던 긴장감이 부족해 집중하기 어려웠다.,2026-05-03T13:05:29Z,negative,false,221,ko
URV000964,USR0288,MOV0042,VEW003447,2,아쉬움이 남은 고요한 항로: 신호,전개가 반복적이고 결말이 급하게 마무리된 느낌이다.,2025-03-06T16:01:48Z,negative,false,158,en
URV000965,USR0289,MOV0033,VEW003457,3,장단점이 뚜렷한 Thriller,흥미로운 설정이지만 중반 전개는 조금 느리게 느껴졌다.,2024-07-30T19:39:04Z,neutral,false,9,ko
URV000966,USR0289,MOV0080,VEW003458,4.5,다시 보고 싶은 “메아리 항구: 교차점”,몰입감이 좋고 마지막 장면의 여운이 길었다.,2025-04-08T07:27:34Z,positive,false,163,ko
URV000967,USR0289,MOV0004,VEW003459,2.5,장단점이 뚜렷한 Science Fiction,흥미로운 설정이지만 중반 전개는 조금 느리게 느껴졌다.,2025-03-09T03:19:54Z,neutral,false,103,ko
URV000968,USR0290,MOV0185,VEW003469,1.5,아쉬움이 남은 비취 주파수: 정원,기대했던 긴장감이 부족해 집중하기 어려웠다.,2025-11-10T16:39:46Z,negative,false,158,ko
URV000969,USR0290,MOV0054,VEW003470,1,아쉬움이 남은 안개의 도시: 규약,기대했던 긴장감이 부족해 집중하기 어려웠다.,2025-11-14T07:56:32Z,negative,false,295,ko
URV000970,USR0290,MOV0089,VEW003471,3.5,장단점이 뚜렷한 Fantasy,흥미로운 설정이지만 중반 전개는 조금 느리게 느껴졌다.,2025-10-08T02:49:46Z,neutral,false,192,ko
URV000971,USR0291,MOV0186,VEW003481,2,아쉬움이 남은 비취 주파수: 역설,아이디어는 좋았지만 인물의 선택이 충분히 설득력 있지 않았다.,2026-02-03T21:38:30Z,negative,true,341,ko
URV000972,USR0291,MOV0191,VEW003482,1,아쉬움이 남은 진홍 항구: 기록,아이디어는 좋았지만 인물의 선택이 충분히 설득력 있지 않았다.,2026-02-06T15:31:10Z,negative,false,53,ko
URV000973,USR0291,MOV0098,VEW003483,3.5,장단점이 뚜렷한 Animation,영상은 인상적이었지만 이야기의 밀도는 평범했다.,2026-05-19T21:42:42Z,neutral,false,186,en
URV000974,USR0292,MOV0109,VEW003493,1.5,아쉬움이 남은 파도의 불씨: 몽상,아이디어는 좋았지만 인물의 선택이 충분히 설득력 있지 않았다.,2025-07-28T15:17:09Z,negative,false,276,ko
URV000975,USR0292,MOV0181,VEW003494,3,장단점이 뚜렷한 Drama,흥미로운 설정이지만 중반 전개는 조금 느리게 느껴졌다.,2022-10-21T00:11:15Z,neutral,false,72,ko
URV000976,USR0292,MOV0176,VEW003495,2,아쉬움이 남은 겨울 지도: 역설,기대했던 긴장감이 부족해 집중하기 어려웠다.,2025-07-01T11:13:00Z,negative,true,325,ko
URV000977,USR0293,MOV0093,VEW003505,2.5,장단점이 뚜렷한 Thriller,영상은 인상적이었지만 이야기의 밀도는 평범했다.,2025-12-04T10:36:11Z,neutral,false,40,ko
URV000978,USR0293,MOV0160,VEW003506,2.5,장단점이 뚜렷한 Horror,흥미로운 설정이지만 중반 전개는 조금 느리게 느껴졌다.,2026-01-10T05:39:02Z,neutral,false,187,ko
URV000979,USR0293,MOV0101,VEW003507,2,아쉬움이 남은 파도의 불씨: 기록,기대했던 긴장감이 부족해 집중하기 어려웠다.,2026-05-19T12:24:18Z,negative,true,159,ko
URV000980,USR0294,MOV0136,VEW003517,3,장단점이 뚜렷한 Action,흥미로운 설정이지만 중반 전개는 조금 느리게 느껴졌다.,2026-07-14T17:02:58Z,neutral,false,261,hi
URV000981,USR0294,MOV0083,VEW003518,4,다시 보고 싶은 “빛의 수호자: 항해”,"예상보다 섬세하고 따뜻했다, 친구에게 추천하고 싶다.",2026-06-15T03:08:05Z,positive,false,52,ko
URV000982,USR0294,MOV0178,VEW003519,1.5,아쉬움이 남은 겨울 지도: 별자리,전개가 반복적이고 결말이 급하게 마무리된 느낌이다.,2026-05-22T03:19:02Z,negative,false,142,ko
URV000983,USR0295,MOV0178,VEW003529,1,아쉬움이 남은 겨울 지도: 별자리,전개가 반복적이고 결말이 급하게 마무리된 느낌이다.,2026-06-03T22:48:17Z,negative,false,258,ko
URV000984,USR0295,MOV0052,VEW003530,1.5,아쉬움이 남은 안개의 도시: 신호,기대했던 긴장감이 부족해 집중하기 어려웠다.,2025-11-02T12:22:17Z,negative,true,309,ko
URV000985,USR0295,MOV0063,VEW003531,2,아쉬움이 남은 오리온 골짜기: 항해,전개가 반복적이고 결말이 급하게 마무리된 느낌이다.,2025-10-12T10:06:11Z,negative,false,205,de
URV000986,USR0296,MOV0052,VEW003541,2,아쉬움이 남은 안개의 도시: 신호,전개가 반복적이고 결말이 급하게 마무리된 느낌이다.,2025-10-22T21:29:40Z,negative,false,56,ko
URV000987,USR0296,MOV0035,VEW003542,4.5,다시 보고 싶은 “잿빛 파도: 정원”,배우들의 호흡과 음악이 잘 어우러져 다시 보고 싶다.,2025-12-27T20:20:40Z,positive,false,255,ko
URV000988,USR0296,MOV0013,VEW003543,4,다시 보고 싶은 “푸른 궤도: 항해”,배우들의 호흡과 음악이 잘 어우러져 다시 보고 싶다.,2026-01-05T10:34:45Z,positive,true,241,ko
URV000989,USR0297,MOV0090,VEW003553,3,장단점이 뚜렷한 Horror,영상은 인상적이었지만 이야기의 밀도는 평범했다.,2026-02-02T03:45:11Z,neutral,true,269,pt
URV000990,USR0297,MOV0050,VEW003554,2.5,장단점이 뚜렷한 Horror,흥미로운 설정이지만 중반 전개는 조금 느리게 느껴졌다.,2026-02-11T21:51:14Z,neutral,false,178,ko
URV000991,USR0297,MOV0142,VEW003555,2,아쉬움이 남은 은빛 자오선: 신호,전개가 반복적이고 결말이 급하게 마무리된 느낌이다.,2025-12-20T20:12:23Z,negative,false,77,ko
URV000992,USR0298,MOV0189,VEW003565,3,장단점이 뚜렷한 Fantasy,흥미로운 설정이지만 중반 전개는 조금 느리게 느껴졌다.,2026-05-31T13:28:36Z,neutral,false,318,ko
URV000993,USR0298,MOV0048,VEW003566,2.5,장단점이 뚜렷한 Animation,영상은 인상적이었지만 이야기의 밀도는 평범했다.,2026-03-20T14:08:50Z,neutral,false,15,ko
URV000994,USR0298,MOV0087,VEW003567,3.5,장단점이 뚜렷한 Documentary,흥미로운 설정이지만 중반 전개는 조금 느리게 느껴졌다.,2025-11-29T23:30:35Z,neutral,false,123,ko
URV000995,USR0299,MOV0009,VEW003577,4,다시 보고 싶은 “별비: 몽상”,"예상보다 섬세하고 따뜻했다, 친구에게 추천하고 싶다.",2026-02-10T12:10:59Z,positive,true,175,en
URV000996,USR0299,MOV0148,VEW003578,3.5,장단점이 뚜렷한 Animation,영상은 인상적이었지만 이야기의 밀도는 평범했다.,2025-06-20T07:33:40Z,neutral,false,77,ko
URV000997,USR0299,MOV0008,VEW003579,3,장단점이 뚜렷한 Animation,장점과 단점이 분명했다. 한 번쯤 볼 만한 작품이다.,2026-06-07T14:01:43Z,neutral,true,150,ko
URV000998,USR0300,MOV0017,VEW003589,2.5,장단점이 뚜렷한 Documentary,영상은 인상적이었지만 이야기의 밀도는 평범했다.,2025-01-20T15:28:53Z,neutral,false,280,ko
URV000999,USR0300,MOV0130,VEW003590,3.5,장단점이 뚜렷한 Horror,흥미로운 설정이지만 중반 전개는 조금 느리게 느껴졌다.,2025-04-15T17:02:10Z,neutral,false,63,ko
URV001000,USR0300,MOV0188,VEW003591,1.5,아쉬움이 남은 비취 주파수: 별자리,아이디어는 좋았지만 인물의 선택이 충분히 설득력 있지 않았다.,2026-03-17T02:00:00Z,negative,false,153,ko
